Country,Year,Agriculture,Energy (supply),Industry,LULUCF,Other,Waste management,Total Emissions
Austria,1990,85923.0,50930308.0,11147297.0,-13973714.0,,27920.0,48217734.0
Austria,1991,86634.0,54636572.0,11042516.0,-19290169.0,,24365.0,46499918.0
Austria,1992,90309.0,50138795.0,10050838.0,-13711684.0,,11127.0,46579385.0
Austria,1993,87862.0,50549120.0,10062750.0,-15868195.0,,10796.0,44842333.0
Austria,1994,83258.0,50270061.0,10716014.0,-13309421.0,,10788.0,47770700.0
Austria,1995,84221.0,52776699.0,11191003.0,-18622055.0,,11110.0,45440978.0
Austria,1996,80147.0,56793454.0,10525278.0,-15162946.0,,11433.0,52247366.0
Austria,1997,89713.0,55724448.0,11478969.0,-22533469.0,,11755.0,44771416.0
Austria,1998,92473.0,55593290.0,11239062.0,-20849442.0,,12078.0,46087461.0
Austria,1999,85841.0,54485674.0,11083785.0,-22187062.0,,12400.0,43480638.0
Austria,2000,89333.0,53996953.0,12105338.0,-18279369.0,,12400.0,47924655.0
Austria,2001,92168.0,58124591.0,11961569.0,-24642723.0,,12400.0,45548005.0
Austria,2002,96531.0,59328388.0,12551060.0,-16104260.0,,12400.0,55884119.0
Austria,2003,93935.0,64826424.0,12479169.0,-11180743.0,,12400.0,66231185.0
Austria,2004,90569.0,64966518.0,12646434.0,-16031176.0,,12400.0,61684745.0
Austria,2005,95543.0,65468825.0,13518712.0,-15447042.0,,12400.0,63648438.0
Austria,2006,103040.0,62644627.0,14038274.0,-8701535.0,,10260.0,68094666.0
Austria,2007,109919.0,59214831.0,14759203.0,-8226196.0,,8208.0,65865965.0
Austria,2008,124672.0,58267440.0,15068206.0,-10017997.0,,6156.0,63448477.0
Austria,2009,126083.0,55139931.0,12031643.0,-9728731.0,,4104.0,57573030.0
Austria,2010,112350.0,57955471.0,13930377.0,-11957545.0,,2052.0,60042705.0
Austria,2011,125992.0,55686904.0,14076758.0,-11249711.0,,2052.0,58641995.0
Austria,2012,133665.0,53517436.0,13607192.0,-9378394.0,,2052.0,57881951.0
Austria,2013,127210.0,53693177.0,13936428.0,-5239809.0,,2052.0,62519058.0
Austria,2014,132776.0,50043148.0,13980762.0,-10045967.0,,2052.0,54112771.0
Austria,2015,145485.0,51811392.0,14398854.0,-4302762.0,,2052.0,62055021.0
Austria,2016,151607.0,53027854.0,14037224.0,-8341031.0,,2052.0,58877706.0
Austria,2017,150707.0,54698362.0,14750357.0,-4646150.0,,2052.0,64955328.0
Austria,2018,154825.0,53341553.0,13068084.0,1616608.0,,2052.0,68183122.0
Austria,2019,150776.0,53741397.0,14057009.0,5788432.0,,2052.0,73739666.0
Austria,2020,148945.0,48846492.0,13182338.0,-1162293.0,,2052.0,61017534.0
Austria,2021,149289.0,50670885.0,14929119.0,-3572141.0,,2052.0,62179204.0
Austria,2022,149169.0,47165793.0,14137123.0,-415364.0,,2052.0,61038773.0
Austria,2023,147512.0,43233015.0,13526377.0,7323296.0,,2052.0,64232252.0
Belgium,1990,179711.0,101652113.0,18204086.0,-2841595.0,0.0,299499.0,117493814.0
Belgium,1991,179137.0,105406233.0,17509654.0,-2375880.0,0.0,301194.0,121020338.0
Belgium,1992,177445.0,103928045.0,18101197.0,-2195078.0,0.0,312568.0,120324177.0
Belgium,1993,175733.0,103765744.0,17193240.0,-2206940.0,0.0,316489.0,119244266.0
Belgium,1994,180522.0,105606116.0,18855218.0,-1954851.0,0.0,191194.0,122878199.0
Belgium,1995,179986.0,105912940.0,19704870.0,-2181902.0,0.0,171500.0,123787394.0
Belgium,1996,178342.0,110204035.0,18947874.0,-2385871.0,0.0,173028.0,127117408.0
Belgium,1997,177514.0,104467242.0,19194680.0,-1928277.0,0.0,177950.0,122089109.0
Belgium,1998,176777.0,108888792.0,21038300.0,-2482998.0,0.0,151889.0,127772760.0
Belgium,1999,176494.0,103576128.0,20810416.0,-2160204.0,0.0,155555.0,122558389.0
Belgium,2000,171408.0,104462589.0,21937760.0,-1752501.0,0.0,203948.0,125023204.0
Belgium,2001,169998.0,104895791.0,20809719.0,-1594414.0,0.0,209525.0,124490619.0
Belgium,2002,170052.0,105300051.0,20996215.0,-2199283.0,0.0,416825.0,124683860.0
Belgium,2003,166779.0,106409020.0,21264163.0,-2106569.0,0.0,452077.0,126185470.0
Belgium,2004,167187.0,106207943.0,21935585.0,-1841240.0,0.0,501015.0,126970490.0
Belgium,2005,167142.0,104153657.0,20792156.0,-1899613.0,0.0,544734.0,123758076.0
Belgium,2006,166022.0,102385212.0,20740972.0,-1887313.0,0.0,608260.0,122013153.0
Belgium,2007,166618.0,100198519.0,19393258.0,-1596280.0,0.0,735007.0,118897122.0
Belgium,2008,164428.0,99735216.0,19607154.0,-1532827.0,0.0,697552.0,118671523.0
Belgium,2009,169524.0,93174200.0,13863214.0,-1377790.0,0.0,599858.0,106429006.0
Belgium,2010,174327.0,97615112.0,16091698.0,-528664.0,0.0,681516.0,114033989.0
Belgium,2011,172200.0,88290844.0,16167844.0,-491234.0,0.0,528077.0,104667731.0
Belgium,2012,169860.0,87394784.0,14404011.0,-543041.0,0.0,517581.0,101943195.0
Belgium,2013,174177.0,87198298.0,15133416.0,-971019.0,0.0,310069.0,101844941.0
Belgium,2014,181295.0,81373476.0,15305887.0,-1016099.0,0.0,220296.0,96064855.0
Belgium,2015,182033.0,85428376.0,15425600.0,-904255.0,0.0,291489.0,100423243.0
Belgium,2016,183503.0,83660726.0,15715218.0,-831705.0,0.0,256835.0,98984577.0
Belgium,2017,181361.0,83216170.0,15591837.0,-713697.0,0.0,292824.0,98568495.0
Belgium,2018,177062.0,83804103.0,15987945.0,-677737.0,0.0,287262.0,99578635.0
Belgium,2019,177944.0,84131014.0,15209001.0,-442521.0,0.0,280769.0,99356207.0
Belgium,2020,176771.0,76580411.0,14243347.0,-454565.0,0.0,254026.0,90799990.0
Belgium,2021,173564.0,79651379.0,14839179.0,-387530.0,0.0,263946.0,94540538.0
Belgium,2022,166137.0,74696917.0,13836058.0,-572921.0,0.0,215856.0,88342047.0
Belgium,2023,171600.0,71487608.0,12806220.0,-363302.0,0.0,237937.0,84340063.0
Bulgaria,1990,88189.0,68272694.0,8257228.0,-17316519.0,0.0,19835.0,59321427.0
Bulgaria,1991,96895.0,54809968.0,6593673.0,-17269105.0,0.0,20179.0,44251610.0
Bulgaria,1992,69659.0,51757825.0,5509304.0,-16678289.0,0.0,18857.0,40677356.0
Bulgaria,1993,54231.0,52407473.0,5907123.0,-16899979.0,0.0,20341.0,41489189.0
Bulgaria,1994,54616.0,48933652.0,7373613.0,-16928861.0,0.0,20676.0,39453696.0
Bulgaria,1995,59441.0,48872045.0,8964171.0,-16890843.0,0.0,20906.0,41025720.0
Bulgaria,1996,38807.0,49616805.0,8784194.0,-16168414.0,0.0,20596.0,42291988.0
Bulgaria,1997,53803.0,47395434.0,8336184.0,-16283708.0,0.0,20770.0,39522483.0
Bulgaria,1998,49036.0,46694245.0,6335673.0,-16045785.0,0.0,34884.0,37068053.0
Bulgaria,1999,49897.0,40667831.0,5625267.0,-15856634.0,0.0,28326.0,30514687.0
Bulgaria,2000,41505.0,39049805.0,6345423.0,-17026117.0,0.0,62580.0,28473196.0
Bulgaria,2001,49425.0,42645814.0,6284695.0,-14134341.0,0.0,39705.0,34885298.0
Bulgaria,2002,56415.0,40419688.0,5626187.0,-14327130.0,0.0,38752.0,31813912.0
Bulgaria,2003,39923.0,44183291.0,6224201.0,-13982068.0,0.0,43793.0,36509140.0
Bulgaria,2004,58813.0,43259819.0,6148998.0,-14622990.0,0.0,69657.0,34914297.0
Bulgaria,2005,47893.0,44012113.0,6485524.0,-15656884.0,0.0,54826.0,34943472.0
Bulgaria,2006,46236.0,45156820.0,6582867.0,-12609941.0,0.0,51571.0,39227553.0
Bulgaria,2007,29321.0,48705484.0,6900192.0,-13607922.0,0.0,34222.0,42061297.0
Bulgaria,2008,53464.0,48059037.0,5871020.0,-11961750.0,0.0,42393.0,42064164.0
Bulgaria,2009,49635.0,42535606.0,3131729.0,-12127860.0,0.0,33278.0,33622388.0
Bulgaria,2010,59548.0,44354064.0,3388633.0,-11594290.0,0.0,13454.0,36221409.0
Bulgaria,2011,56684.0,49143701.0,3910369.0,-8345005.0,0.0,9707.0,44775456.0
Bulgaria,2012,53965.0,44500557.0,3701950.0,-7939256.0,0.0,20089.0,40337305.0
Bulgaria,2013,69466.0,38932500.0,3542122.0,-6931879.0,0.0,38902.0,35651111.0
Bulgaria,2014,72129.0,41317793.0,3767876.0,-8190555.0,0.0,11264.0,36978507.0
Bulgaria,2015,66232.0,43744035.0,4306755.0,-7769434.0,0.0,10102.0,40357690.0
Bulgaria,2016,68741.0,40769152.0,4493583.0,-9577080.0,0.0,12272.0,35766668.0
Bulgaria,2017,74437.0,42963480.0,4393209.0,-9548402.0,0.0,14716.0,37897440.0
Bulgaria,2018,76139.0,39381321.0,4039099.0,-9615632.0,0.0,6767.0,33887694.0
Bulgaria,2019,80460.0,38427480.0,3674442.0,-9346092.0,0.0,12598.0,32848888.0
Bulgaria,2020,79044.0,32958781.0,3409917.0,-9387598.0,0.0,123289.0,27183433.0
Bulgaria,2021,77142.0,38590068.0,3692110.0,-9312543.0,0.0,5713.0,33052490.0
Bulgaria,2022,80085.0,43071539.0,3775995.0,-9284205.0,0.0,4177.0,37647591.0
Bulgaria,2023,91290.0,31284446.0,3118421.0,-8740486.0,0.0,6790.0,25760461.0
Croatia,1990,50020.0,20257357.0,2577308.0,-6395725.0,0.0,536.0,16489496.0
Croatia,1991,50946.0,15021343.0,1926608.0,-7578443.0,0.0,536.0,9420990.0
Croatia,1992,65512.0,14350797.0,1962320.0,-7699306.0,0.0,536.0,8679859.0
Croatia,1993,52139.0,15116983.0,1641382.0,-7898980.0,0.0,536.0,8912060.0
Croatia,1994,47570.0,14179843.0,1826605.0,-8126724.0,0.0,536.0,7927830.0
Croatia,1995,46294.0,15115444.0,1652216.0,-8608100.0,0.0,536.0,8206390.0
Croatia,1996,52440.0,15630570.0,1654888.0,-8267120.0,0.0,536.0,9071314.0
Croatia,1997,68388.0,16682917.0,1816039.0,-7656997.0,0.0,1824.0,10912171.0
Croatia,1998,44249.0,17274127.0,1717951.0,-7511579.0,0.0,3700.0,11528448.0
Croatia,1999,50487.0,17954414.0,2072942.0,-8237752.0,0.0,4381.0,11844472.0
Croatia,2000,60866.0,17347860.0,2237805.0,-6946550.0,0.0,6151.0,12706132.0
Croatia,2001,92095.0,18351534.0,2325623.0,-8062248.0,0.0,6683.0,12713687.0
Croatia,2002,80755.0,19539185.0,2291799.0,-8327546.0,0.0,3779.0,13587972.0
Croatia,2003,71793.0,20829418.0,2324176.0,-7565979.0,0.0,803.0,15660211.0
Croatia,2004,75940.0,20240886.0,2535513.0,-7835941.0,0.0,350.0,15016748.0
Croatia,2005,85461.0,20613729.0,2596199.0,-8082164.0,0.0,162.0,15213387.0
Croatia,2006,80667.0,20683714.0,2731074.0,-7909949.0,0.0,743.0,15586249.0
Croatia,2007,89324.0,21909530.0,2802255.0,-6809786.0,0.0,651.0,17991974.0
Croatia,2008,96603.0,20727444.0,2690943.0,-6981348.0,0.0,666.0,16534308.0
Croatia,2009,76962.0,19593012.0,2082179.0,-7084834.0,0.0,163.0,14667482.0
Croatia,2010,88037.0,18774650.0,2115398.0,-7031744.0,0.0,48.0,13946389.0
Croatia,2011,105178.0,18565663.0,1943767.0,-5795619.0,0.0,51.0,14819040.0
Croatia,2012,101234.0,17199621.0,1749082.0,-5400358.0,0.0,82.0,13649661.0
Croatia,2013,74615.0,16466369.0,1860317.0,-6304508.0,0.0,42.0,12096835.0
Croatia,2014,69467.0,15596953.0,1983472.0,-6159546.0,0.0,45.0,11490391.0
Croatia,2015,69340.0,15777737.0,1946768.0,-5874664.0,0.0,46.0,11919227.0
Croatia,2016,76166.0,16190573.0,1812491.0,-5874726.0,0.0,49.0,12204553.0
Croatia,2017,81128.0,16574032.0,2057966.0,-5167554.0,0.0,0.0,13545572.0
Croatia,2018,72243.0,15671073.0,1951196.0,-5656131.0,0.0,0.0,12038381.0
Croatia,2019,75660.0,15738602.0,2006161.0,-5891886.0,0.0,0.0,11928537.0
Croatia,2020,95177.0,14801238.0,1973690.0,-5877300.0,0.0,0.0,10992805.0
Croatia,2021,92260.0,15486400.0,1824312.0,-5929409.0,0.0,0.0,11473563.0
Croatia,2022,47878.0,16121650.0,1415636.0,-5073594.0,0.0,0.0,12511570.0
Croatia,2023,28047.0,16896915.0,1542636.0,-5670142.0,0.0,0.0,12797456.0
Cyprus,1990,1815.0,3924679.0,721263.0,-153129.0,,0.0,4494628.0
Cyprus,1991,1467.0,4454186.0,680447.0,-167159.0,,0.0,4968941.0
Cyprus,1992,1918.0,4776005.0,730918.0,-172733.0,,0.0,5336108.0
Cyprus,1993,1602.0,4951188.0,799989.0,-175239.0,,0.0,5577540.0
Cyprus,1994,1704.0,5158944.0,834347.0,-184407.0,,0.0,5810588.0
Cyprus,1995,1541.0,5063312.0,800912.0,-180494.0,,0.0,5685271.0
Cyprus,1996,1378.0,5354779.0,859520.0,-186090.0,,0.0,6029587.0
Cyprus,1997,1102.0,5475573.0,825710.0,-185243.0,,0.0,6117142.0
Cyprus,1998,836.0,5815061.0,780951.0,-193768.0,,0.0,6403080.0
Cyprus,1999,917.0,6076182.0,786333.0,-198513.0,,0.0,6664919.0
Cyprus,2000,1672.0,6298386.0,806843.0,-149443.0,,0.0,6957458.0
Cyprus,2001,167.0,6188677.0,790815.0,-171161.0,,0.0,6808498.0
Cyprus,2002,420.0,6347797.0,823721.0,-202415.0,,0.0,6969523.0
Cyprus,2003,731.0,6733838.0,826205.0,-214866.0,,0.0,7345908.0
Cyprus,2004,947.0,6895310.0,890846.0,-215818.0,,0.0,7571285.0
Cyprus,2005,967.0,7086768.0,863937.0,-221861.0,,0.0,7729811.0
Cyprus,2006,1166.0,7276116.0,905849.0,-223959.0,,0.0,7959172.0
Cyprus,2007,1106.0,7572127.0,901834.0,-188608.0,,0.0,8286459.0
Cyprus,2008,537.0,7786593.0,904506.0,-251069.0,,0.0,8440567.0
Cyprus,2009,1139.0,7706567.0,730282.0,-279036.0,,0.0,8158952.0
Cyprus,2010,738.0,7477570.0,593514.0,-267274.0,,0.0,7804548.0
Cyprus,2011,909.0,7216099.0,575355.0,-302865.0,,0.0,7489498.0
Cyprus,2012,549.0,6730520.0,530599.0,-295848.0,,0.0,6965820.0
Cyprus,2013,791.0,5809829.0,767551.0,-298832.0,,0.0,6279339.0
Cyprus,2014,407.0,5941212.0,988170.0,-300700.0,,0.0,6629089.0
Cyprus,2015,398.0,6061484.0,890595.0,-297434.0,,0.0,6655043.0
Cyprus,2016,394.0,6450456.0,899076.0,-204172.0,,0.0,7145754.0
Cyprus,2017,418.0,6527519.0,941345.0,-308597.0,,0.0,7160685.0
Cyprus,2018,223.0,6453306.0,870674.0,-304245.0,,0.0,7019958.0
Cyprus,2019,226.0,6504891.0,819365.0,-298757.0,,0.0,7025725.0
Cyprus,2020,220.0,5996023.0,906929.0,-300370.0,,0.0,6602802.0
Cyprus,2021,299.0,6048545.0,901938.0,-244723.0,,0.0,6706059.0
Cyprus,2022,271.0,6164948.0,905558.0,-300732.0,,0.0,6770045.0
Cyprus,2023,183.0,6222247.0,965660.0,-311870.0,,0.0,6876220.0
Czechia,1990,1345241.0,147101029.0,15786064.0,-9594351.0,0.0,19968.0,154657951.0
Czechia,1991,460991.0,135616107.0,12785355.0,-10991275.0,0.0,23732.0,137894910.0
Czechia,1992,222260.0,132068986.0,13389285.0,-11088424.0,0.0,27642.0,134619749.0
Czechia,1993,201203.0,127486425.0,12401060.0,-11975984.0,0.0,37434.0,128150138.0
Czechia,1994,199465.0,118936988.0,13481059.0,-10752004.0,0.0,52637.0,121918145.0
Czechia,1995,225128.0,118524420.0,12815662.0,-11013920.0,0.0,58606.0,120609896.0
Czechia,1996,218523.0,121234949.0,13507338.0,-10788545.0,0.0,58414.0,124230679.0
Czechia,1997,164512.0,116382946.0,14333843.0,-9754448.0,0.0,60700.0,121187553.0
Czechia,1998,237550.0,111130103.0,14288656.0,-9501921.0,0.0,60466.0,116214854.0
Czechia,1999,179164.0,104678881.0,11749618.0,-9631197.0,0.0,61236.0,107037702.0
Czechia,2000,233772.0,113900760.0,13048917.0,-10328777.0,0.0,50044.0,116904716.0
Czechia,2001,266636.0,114676136.0,12154663.0,-10324409.0,0.0,67772.0,116840798.0
Czechia,2002,236125.0,111714203.0,11940497.0,-10128701.0,0.0,97297.0,113859421.0
Czechia,2003,202726.0,114352644.0,12881394.0,-9712607.0,0.0,154910.0,117879067.0
Czechia,2004,230776.0,114320546.0,13617021.0,-9437622.0,0.0,145321.0,118876042.0
Czechia,2005,213601.0,113073057.0,12321924.0,-9508240.0,0.0,104869.0,116205211.0
Czechia,2006,237906.0,112878482.0,13282380.0,-8628482.0,0.0,133791.0,117904077.0
Czechia,2007,280896.0,114191123.0,13805150.0,-8416163.0,0.0,86466.0,119947472.0
Czechia,2008,278635.0,109081783.0,13477027.0,-9419323.0,0.0,90278.0,113508400.0
Czechia,2009,215044.0,103734388.0,10945094.0,-9075002.0,0.0,77551.0,105897075.0
Czechia,2010,225396.0,105446259.0,11683394.0,-8443734.0,0.0,109043.0,109020358.0
Czechia,2011,290614.0,102992982.0,11799862.0,-9025819.0,0.0,94683.0,106152322.0
Czechia,2012,327371.0,99411875.0,11442336.0,-9269923.0,0.0,93953.0,102005612.0
Czechia,2013,340075.0,94913181.0,11362489.0,-8587587.0,0.0,94342.0,98122500.0
Czechia,2014,287918.0,91935388.0,11912086.0,-8477051.0,0.0,97172.0,95755513.0
Czechia,2015,438745.0,93066842.0,11387182.0,-8533379.0,0.0,96938.0,96456328.0
Czechia,2016,464578.0,94742043.0,11328837.0,-7649608.0,0.0,100961.0,98986811.0
Czechia,2017,390780.0,95831431.0,11404637.0,-6233198.0,0.0,108686.0,101502336.0
Czechia,2018,348839.0,93933353.0,11929872.0,-1285604.0,0.0,109992.0,105036452.0
Czechia,2019,341933.0,89315919.0,11231002.0,4744306.0,0.0,108646.0,105741806.0
Czechia,2020,320837.0,80661956.0,10574262.0,7441247.0,0.0,104402.0,99102704.0
Czechia,2021,321905.0,84361719.0,11849066.0,4411489.0,0.0,96719.0,101040898.0
Czechia,2022,345705.0,83771173.0,10838192.0,1413106.0,0.0,84606.0,96452782.0
Czechia,2023,268804.0,74274425.0,8620062.0,-3577922.0,0.0,68952.0,79654321.0
Denmark,1990,613451.0,51662918.0,1075898.0,6236806.0,,16461.0,59605534.0
Denmark,1991,506650.0,62191569.0,1269289.0,5508059.0,,17015.0,69492582.0
Denmark,1992,399002.0,56355536.0,1425601.0,6420930.0,,18500.0,64619569.0
Denmark,1993,346006.0,58648327.0,1448627.0,5097061.0,,16239.0,65556260.0
Denmark,1994,408611.0,62605688.0,1511899.0,4618954.0,,16343.0,69161495.0
Denmark,1995,533619.0,59399738.0,1573900.0,4818327.0,,18917.0,66344501.0
Denmark,1996,415636.0,72653027.0,1670747.0,4109182.0,,19137.0,78867729.0
Denmark,1997,481937.0,63130046.0,1679525.0,4587884.0,,17661.0,69897053.0
Denmark,1998,262933.0,59075662.0,1764767.0,4505351.0,,15775.0,65624488.0
Denmark,1999,272990.0,56501721.0,1747044.0,4819030.0,,16975.0,63357760.0
Denmark,2000,267632.0,52146826.0,1763243.0,4604258.0,,16635.0,58798594.0
Denmark,2001,206163.0,53809860.0,1763232.0,4097766.0,,16333.0,59893354.0
Denmark,2002,236242.0,53425655.0,1781509.0,5171024.0,,15846.0,60630276.0
Denmark,2003,228437.0,58657761.0,1651805.0,4931725.0,,17823.0,65487551.0
Denmark,2004,159506.0,53065235.0,1774400.0,4736328.0,,15404.0,59750873.0
Denmark,2005,221566.0,49490298.0,1722338.0,4502566.0,,16000.0,55952768.0
Denmark,2006,195835.0,57463423.0,1745227.0,4955302.0,,16417.0,64376204.0
Denmark,2007,193843.0,52668261.0,1754782.0,5116084.0,,14399.0,59747369.0
Denmark,2008,230958.0,49475307.0,1451336.0,3610276.0,,17401.0,54785278.0
Denmark,2009,186332.0,47573945.0,997161.0,2888745.0,,17238.0,51663421.0
Denmark,2010,155855.0,47999417.0,945622.0,1863680.0,,15654.0,50980228.0
Denmark,2011,164667.0,42856607.0,1126075.0,1122379.0,,14539.0,45284267.0
Denmark,2012,191733.0,38462886.0,1119960.0,547965.0,,14092.0,40336636.0
Denmark,2013,246204.0,40302112.0,1120227.0,172891.0,,15554.0,41856988.0
Denmark,2014,239974.0,36101080.0,1147839.0,480515.0,,15755.0,37985163.0
Denmark,2015,176049.0,33686880.0,1161400.0,-467225.0,,14725.0,34571829.0
Denmark,2016,216164.0,35277652.0,1338926.0,414061.0,,15002.0,37261805.0
Denmark,2017,218693.0,32912074.0,1452725.0,273053.0,,13571.0,34870116.0
Denmark,2018,243798.0,32880186.0,1398882.0,2073271.0,,17922.0,36614059.0
Denmark,2019,184709.0,29328600.0,1355804.0,1059231.0,,14633.0,31942977.0
Denmark,2020,254352.0,26500348.0,1454960.0,805744.0,,14723.0,29030127.0
Denmark,2021,266554.0,27703803.0,1465153.0,-274514.0,,13568.0,29174564.0
Denmark,2022,267869.0,26693445.0,1320061.0,-849163.0,,14853.0,27447065.0
Denmark,2023,201333.0,24361779.0,1215150.0,-938932.0,,12001.0,24851331.0
EU-27,1990,14192943.0,3540322874.0,315486455.0,-266650560.0,0.0,3390133.0,3606741845.0
EU-27,1991,11333961.0,3502924558.0,290485954.0,-349291806.0,0.0,3422378.0,3458875045.0
EU-27,1992,9797964.0,3391114603.0,277281633.0,-321354564.0,0.0,3505573.0,3360345209.0
EU-27,1993,9696085.0,3332760608.0,266647784.0,-337876130.0,0.0,3455047.0,3274683394.0
EU-27,1994,9422237.0,3299117349.0,282164048.0,-333539849.0,0.0,3400108.0,3260563893.0
EU-27,1995,9946263.0,3339421774.0,288156137.0,-345591771.0,0.0,3259760.0,3295192163.0
EU-27,1996,9981674.0,3431875379.0,280781201.0,-365921069.0,0.0,3136190.0,3359853375.0
EU-27,1997,10433321.0,3358732995.0,287647655.0,-363787192.0,0.0,2943485.0,3295970264.0
EU-27,1998,10242932.0,3350609638.0,286653975.0,-384720463.0,0.0,2776534.0,3265562616.0
EU-27,1999,10388049.0,3303243736.0,278889996.0,-386528552.0,0.0,2589369.0,3208582598.0
EU-27,2000,10209902.0,3300932640.0,292931986.0,-345822800.0,0.0,2541441.0,3260793169.0
EU-27,2001,10029432.0,3368627598.0,282528044.0,-381008835.0,0.0,2513044.0,3282689283.0
EU-27,2002,9731091.0,3368045406.0,283658619.0,-361199627.0,0.0,2722161.0,3302957650.0
EU-27,2003,9664986.0,3439965707.0,290816512.0,-331105919.0,0.0,2910712.0,3412251998.0
EU-27,2004,9337847.0,3436135321.0,302572278.0,-372850413.0,0.0,2844594.0,3378039627.0
EU-27,2005,9166681.0,3430894776.0,299750440.0,-373898022.0,0.0,2955789.0,3368869664.0
EU-27,2006,8792718.0,3441430451.0,306642258.0,-385826947.0,0.0,3052560.0,3374091040.0
EU-27,2007,8849176.0,3384778703.0,313584103.0,-352397909.0,0.0,2913816.0,3357727889.0
EU-27,2008,8807993.0,3329001149.0,293636648.0,-383054930.0,0.0,2910009.0,3251300869.0
EU-27,2009,8800373.0,3098896984.0,228948595.0,-372254778.0,0.0,2826402.0,2967217576.0
EU-27,2010,8794505.0,3169870547.0,251858148.0,-371840083.0,0.0,2919515.0,3061602632.0
EU-27,2011,8977862.0,3071893976.0,252609878.0,-372894439.0,0.0,2744429.0,2963331706.0
EU-27,2012,9256976.0,3018788603.0,237053267.0,-364643491.0,0.0,2679309.0,2903134664.0
EU-27,2013,9806337.0,2938664585.0,234509112.0,-372120202.0,0.0,2522204.0,2813382036.0
EU-27,2014,9911425.0,2794643001.0,240667562.0,-353783497.0,0.0,2556362.0,2693994853.0
EU-27,2015,9792574.0,2853156204.0,238799427.0,-343456884.0,0.0,2310850.0,2760602171.0
EU-27,2016,10434822.0,2849808680.0,241378636.0,-343022832.0,0.0,2286156.0,2760885462.0
EU-27,2017,10001101.0,2865554466.0,249883987.0,-295030069.0,0.0,2240676.0,2832650161.0
EU-27,2018,10101221.0,2798746089.0,247662179.0,-227599637.0,0.0,2189187.0,2831099039.0
EU-27,2019,9418097.0,2662196197.0,240255722.0,-217435541.0,0.0,2556588.0,2696991063.0
EU-27,2020,9960266.0,2398890760.0,224202099.0,-218708590.0,0.0,2423492.0,2416768027.0
EU-27,2021,9720274.0,2558676909.0,239104355.0,-222100882.0,0.0,2593099.0,2587993755.0
EU-27,2022,9283021.0,2516350773.0,215713226.0,-209497180.0,0.0,2279730.0,2534129570.0
EU-27,2023,9252657.0,2281878147.0,196294290.0,-226475925.0,0.0,2009653.0,2262958822.0
Estonia,1990,13110.0,35943311.0,947515.0,-5284982.0,0.0,2252.0,31621206.0
Estonia,1991,12097.0,33169526.0,951554.0,-5137471.0,0.0,2252.0,28997958.0
Estonia,1992,3088.0,23860485.0,547102.0,-4360621.0,0.0,2448.0,20052502.0
Estonia,1993,2575.0,19103653.0,324727.0,-5242969.0,0.0,2211.0,14190197.0
Estonia,1994,2812.0,19467009.0,566492.0,-4707828.0,0.0,2604.0,15331089.0
Estonia,1995,4234.0,17450020.0,596209.0,-4880900.0,0.0,2988.0,13172551.0
Estonia,1996,4241.0,18420324.0,605859.0,-5178609.0,0.0,2459.0,13854274.0
Estonia,1997,6238.0,18013057.0,651349.0,-5306643.0,0.0,2583.0,13366584.0
Estonia,1998,25311.0,16211885.0,693264.0,-4825104.0,0.0,2654.0,12108010.0
Estonia,1999,26300.0,15283578.0,616827.0,-3737610.0,0.0,2808.0,12191903.0
Estonia,2000,19849.0,14842149.0,606158.0,-3274174.0,0.0,2816.0,12196798.0
Estonia,2001,21276.0,15221185.0,625266.0,-2657519.0,0.0,2205.0,13212413.0
Estonia,2002,19109.0,14889746.0,446783.0,-1594334.0,0.0,2378.0,13763682.0
Estonia,2003,17239.0,16742439.0,488430.0,-810327.0,0.0,2642.0,16440423.0
Estonia,2004,10382.0,16693589.0,616730.0,-1704317.0,0.0,1394.0,15617778.0
Estonia,2005,8628.0,16491295.0,588400.0,-2765433.0,0.0,1457.0,14324347.0
Estonia,2006,6564.0,15821272.0,609654.0,-5049959.0,0.0,689.0,11388220.0
Estonia,2007,5798.0,19138218.0,785818.0,-5486980.0,0.0,656.0,14443510.0
Estonia,2008,5324.0,16995525.0,812861.0,-5116550.0,0.0,1095.0,12698255.0
Estonia,2009,1422.0,14087053.0,315573.0,-5364560.0,0.0,939.0,9040427.0
Estonia,2010,9374.0,18596370.0,358153.0,-5117494.0,0.0,838.0,13847241.0
Estonia,2011,3940.0,18468926.0,474355.0,-3744368.0,0.0,804.0,15203657.0
Estonia,2012,7009.0,17043692.0,709856.0,-1997301.0,0.0,856.0,15764112.0
Estonia,2013,6472.0,18834058.0,792246.0,-901044.0,0.0,1045.0,18732777.0
Estonia,2014,8668.0,18282569.0,491749.0,-213342.0,0.0,967.0,18570611.0
Estonia,2015,9070.0,15479667.0,290378.0,360976.0,0.0,512.0,16140603.0
Estonia,2016,14051.0,17152982.0,265278.0,1297257.0,0.0,599.0,18730167.0
Estonia,2017,16377.0,18193486.0,405648.0,1209434.0,0.0,526.0,19825471.0
Estonia,2018,19405.0,17388192.0,392515.0,2954090.0,0.0,576.0,20754778.0
Estonia,2019,16020.0,11881251.0,390258.0,2778238.0,0.0,565.0,15066332.0
Estonia,2020,16261.0,9079103.0,102378.0,795088.0,0.0,503.0,9993333.0
Estonia,2021,28712.0,10262632.0,98969.0,502160.0,0.0,602.0,10893075.0
Estonia,2022,36056.0,11858213.0,71624.0,-148851.0,0.0,334.0,11817376.0
Estonia,2023,29778.0,8646154.0,68326.0,1783414.0,0.0,0.0,10527672.0
Finland,1990,647387.0,52584728.0,3688926.0,-25842758.0,0.0,0.0,31078283.0
Finland,1991,457553.0,51230839.0,3507074.0,-38253486.0,0.0,0.0,16941980.0
Finland,1992,299471.0,50610237.0,3362060.0,-32252749.0,0.0,0.0,22019019.0
Finland,1993,473125.0,52504631.0,3342322.0,-32925863.0,0.0,0.0,23394215.0
Finland,1994,473179.0,57806184.0,3460015.0,-26191716.0,0.0,0.0,35547662.0
Finland,1995,410270.0,54306994.0,3404965.0,-24899902.0,0.0,0.0,33222327.0
Finland,1996,477831.0,60013259.0,3548679.0,-31251172.0,0.0,0.0,32788597.0
Finland,1997,491786.0,58436804.0,3773996.0,-26651665.0,0.0,0.0,36050921.0
Finland,1998,452401.0,55128776.0,3776729.0,-24610307.0,0.0,0.0,34747599.0
Finland,1999,453602.0,54547577.0,3872633.0,-24764952.0,0.0,0.0,34108860.0
Finland,2000,350851.0,52784637.0,3881505.0,-24253653.0,0.0,0.0,32763340.0
Finland,2001,419848.0,58150463.0,3950437.0,-24857833.0,0.0,0.0,37662915.0
Finland,2002,447213.0,60743015.0,3858281.0,-25866051.0,0.0,0.0,39182458.0
Finland,2003,302943.0,68318397.0,4036901.0,-26251936.0,0.0,0.0,46406305.0
Finland,2004,277019.0,64460624.0,4207827.0,-27616486.0,0.0,0.0,41328984.0
Finland,2005,290996.0,52788928.0,3983812.0,-27633599.0,0.0,0.0,29430137.0
Finland,2006,322011.0,63820572.0,4231129.0,-31535234.0,0.0,0.0,36838478.0
Finland,2007,277233.0,61861043.0,4625912.0,-22012787.0,0.0,0.0,44751401.0
Finland,2008,326550.0,53570002.0,4728460.0,-24598089.0,0.0,0.0,34026923.0
Finland,2009,339714.0,51730619.0,3850277.0,-35747118.0,0.0,0.0,20173492.0
Finland,2010,278986.0,59225045.0,4587512.0,-24186861.0,0.0,0.0,39904682.0
Finland,2011,202115.0,51863510.0,4580574.0,-23627443.0,0.0,0.0,33018756.0
Finland,2012,203293.0,46580215.0,4371035.0,-25371745.0,0.0,0.0,25782798.0
Finland,2013,315263.0,47209793.0,4193893.0,-18572559.0,0.0,0.0,33146390.0
Finland,2014,245423.0,43389555.0,3987884.0,-19394752.0,0.0,0.0,28228110.0
Finland,2015,166715.0,39862212.0,4163076.0,-14189247.0,0.0,0.0,30002756.0
Finland,2016,258741.0,42533700.0,4459454.0,-9505699.0,0.0,0.0,37746196.0
Finland,2017,188630.0,40125365.0,4343719.0,-5938704.0,0.0,0.0,38719010.0
Finland,2018,202509.0,41115999.0,4417107.0,4363171.0,0.0,0.0,50098786.0
Finland,2019,190331.0,38109733.0,4144148.0,530745.0,0.0,0.0,42974957.0
Finland,2020,202852.0,33628381.0,3888525.0,-984409.0,0.0,0.0,36735349.0
Finland,2021,201416.0,33397639.0,4221030.0,8552313.0,0.0,0.0,46372398.0
Finland,2022,224720.0,32095427.0,4016898.0,9287396.0,0.0,0.0,45624441.0
Finland,2023,187721.0,27753485.0,3857210.0,9180583.0,0.0,0.0,40978999.0
France,1990,1904735.0,351597718.0,42539396.0,-25065738.0,,2110238.0,373086349.0
France,1991,1886976.0,377516175.0,41342077.0,-24618267.0,,2129817.0,398256778.0
France,1992,1759905.0,369501860.0,39077220.0,-23025382.0,,2185441.0,389499044.0
France,1993,1887582.0,351100895.0,38238970.0,-26909298.0,,2182392.0,366500541.0
France,1994,1858930.0,343585740.0,38996245.0,-27536958.0,,2241907.0,359145864.0
France,1995,1984210.0,349593424.0,38218818.0,-31028673.0,,2194900.0,360962679.0
France,1996,1904410.0,366913713.0,37668655.0,-37558743.0,,2071294.0,370999329.0
France,1997,2087249.0,358832313.0,38667306.0,-38210384.0,,1871927.0,363248411.0
France,1998,2044874.0,376898160.0,39420947.0,-40527166.0,,1746091.0,379582906.0
France,1999,2052293.0,375919842.0,39537788.0,-45099684.0,,1624966.0,374035205.0
France,2000,1984380.0,369864820.0,40215611.0,-28452590.0,,1692144.0,385304365.0
France,2001,1959665.0,376225217.0,38476712.0,-42325143.0,,1628725.0,375965176.0
France,2002,1975060.0,370980622.0,39329889.0,-52108090.0,,1602620.0,361780101.0
France,2003,1981301.0,378252144.0,38236177.0,-56923502.0,,1607793.0,363153913.0
France,2004,1975861.0,377933805.0,40274960.0,-58646987.0,,1480567.0,363018206.0
France,2005,1968003.0,380496106.0,40299943.0,-57779308.0,,1540024.0,366524768.0
France,2006,1895322.0,369708592.0,41451481.0,-57133396.0,,1606545.0,357528544.0
France,2007,1873075.0,359130155.0,42306463.0,-52789076.0,,1487550.0,352008167.0
France,2008,1940567.0,356769624.0,38152467.0,-51662159.0,,1542782.0,346743281.0
France,2009,2077902.0,347890338.0,28962794.0,-39993548.0,,1518190.0,340455676.0
France,2010,1911023.0,350040234.0,32715217.0,-42008466.0,,1602445.0,344260453.0
France,2011,2103185.0,328137224.0,32482670.0,-43182353.0,,1645844.0,321186570.0
France,2012,2166605.0,333121077.0,30510120.0,-46339542.0,,1536408.0,320994668.0
France,2013,2013977.0,332923988.0,32591437.0,-52184358.0,,1536256.0,316881300.0
France,2014,2115984.0,300717467.0,32174152.0,-44672113.0,,1784088.0,292119578.0
France,2015,2112595.0,306897510.0,30811725.0,-41509924.0,,1533087.0,299844993.0
France,2016,2123348.0,310265689.0,31028355.0,-37667439.0,,1540813.0,307290766.0
France,2017,2095548.0,311744047.0,32350843.0,-29846375.0,,1464709.0,317808772.0
France,2018,2218228.0,296858501.0,31885190.0,-39814415.0,,1423201.0,292570705.0
France,2019,2039677.0,291010059.0,31020944.0,-36597892.0,,1793664.0,289266452.0
France,2020,2061842.0,259629859.0,26728106.0,-39214293.0,,1596475.0,250801989.0
France,2021,1959244.0,281733180.0,30513181.0,-36430077.0,,1846321.0,279621849.0
France,2022,1924672.0,272740583.0,27724097.0,-35598951.0,,1627645.0,268418046.0
France,2023,2121699.0,250807463.0,24637654.0,-38853641.0,,1340545.0,240053720.0
Germany,1990,3190453.0,991963065.0,59642339.0,27858993.0,0.0,0.0,1082654850.0
Germany,1991,2897309.0,958202608.0,55829598.0,-20453613.0,0.0,0.0,996475902.0
Germany,1992,2625349.0,913743251.0,53095808.0,-25055787.0,0.0,0.0,944408621.0
Germany,1993,2302568.0,903526310.0,53557001.0,-34104785.0,0.0,0.0,925281094.0
Germany,1994,2175366.0,884851957.0,56200331.0,-25545201.0,0.0,0.0,917682453.0
Germany,1995,2127770.0,882058960.0,55746890.0,-14397856.0,0.0,0.0,925535764.0
Germany,1996,2255709.0,903844316.0,53590098.0,-14607190.0,0.0,0.0,945082933.0
Germany,1997,2355335.0,872854439.0,56298326.0,-15930292.0,0.0,0.0,915577808.0
Germany,1998,2482944.0,866241244.0,54774455.0,-24260459.0,0.0,0.0,899238184.0
Germany,1999,2644087.0,840320641.0,52477353.0,-18018085.0,0.0,0.0,877423996.0
Germany,2000,2655149.0,838862220.0,57458401.0,-3155991.0,0.0,0.0,895819779.0
Germany,2001,2664956.0,861100374.0,51489424.0,-11928303.0,0.0,0.0,903326451.0
Germany,2002,2551868.0,846691952.0,49590454.0,18120179.0,0.0,0.0,916954453.0
Germany,2003,2530506.0,839398364.0,52572201.0,29989953.0,0.0,0.0,924491024.0
Germany,2004,2426557.0,821401271.0,52742087.0,16894459.0,0.0,0.0,893464374.0
Germany,2005,2376139.0,814736123.0,50768250.0,13302890.0,0.0,0.0,881183402.0
Germany,2006,2355191.0,832683697.0,51395459.0,4327910.0,0.0,0.0,890762257.0
Germany,2007,2407605.0,791551193.0,52194169.0,-5308388.0,0.0,0.0,840844579.0
Germany,2008,2500070.0,804870381.0,49272065.0,-10739583.0,0.0,0.0,845902933.0
Germany,2009,2465992.0,746892068.0,40625875.0,-7416350.0,0.0,0.0,782567585.0
Germany,2010,2516991.0,778259445.0,45928250.0,-3017101.0,0.0,0.0,823687585.0
Germany,2011,2511396.0,754581129.0,47449059.0,-9360402.0,0.0,0.0,795181182.0
Germany,2012,2635905.0,766712817.0,44744281.0,-5857790.0,0.0,0.0,808235213.0
Germany,2013,2737368.0,784496381.0,44511812.0,-8469553.0,0.0,0.0,823276008.0
Germany,2014,2903184.0,744788668.0,44891745.0,2340661.0,0.0,0.0,794924258.0
Germany,2015,2927957.0,754245648.0,43648879.0,-2459422.0,0.0,0.0,798363062.0
Germany,2016,2922629.0,749760074.0,45305567.0,1103694.0,0.0,0.0,799091964.0
Germany,2017,2870234.0,732493916.0,49231002.0,-5120596.0,0.0,0.0,779474556.0
Germany,2018,2855398.0,708718681.0,47197289.0,75874470.0,0.0,0.0,834645838.0
Germany,2019,2730804.0,660951464.0,44966689.0,64379283.0,0.0,0.0,773028240.0
Germany,2020,2628501.0,602195960.0,42352383.0,69094114.0,0.0,0.0,716270958.0
Germany,2021,2555458.0,630475347.0,44966883.0,54880789.0,0.0,0.0,732878477.0
Germany,2022,2519102.0,624690065.0,40633879.0,68160883.0,0.0,0.0,736003929.0
Germany,2023,2463846.0,554469397.0,36832773.0,59894568.0,0.0,0.0,653660584.0
Greece,1990,60410.0,74677027.0,8699133.0,-2355552.0,,220.0,81081238.0
Greece,1991,58130.0,74744649.0,8603250.0,-2451327.0,,220.0,80954922.0
Greece,1992,55566.0,76672128.0,8246078.0,-2716682.0,,220.0,82257310.0
Greece,1993,43740.0,76305987.0,7933343.0,-3190929.0,,220.0,81092361.0
Greece,1994,40748.0,78476954.0,7911082.0,-2922762.0,,220.0,83506242.0
Greece,1995,45022.0,78524102.0,8393021.0,-3135142.0,,220.0,83827223.0
Greece,1996,46020.0,80680928.0,8386940.0,-2436972.0,,220.0,86677136.0
Greece,1997,43740.0,85190989.0,8566170.0,-2271581.0,,220.0,91529538.0
Greece,1998,43883.0,89775620.0,8801653.0,-2414961.0,,220.0,96206415.0
Greece,1999,41746.0,89184378.0,8708045.0,-2765706.0,,220.0,95168683.0
Greece,2000,38469.0,94014559.0,8919514.0,-2780326.0,,220.0,100192436.0
Greece,2001,37044.0,96368865.0,8955327.0,-2689551.0,,220.0,102671905.0
Greece,2002,36046.0,96112640.0,8851102.0,-3007056.0,,481.0,101993213.0
Greece,2003,35192.0,100015492.0,9015018.0,-2761207.0,,855.0,106305350.0
Greece,2004,36331.0,100448109.0,8999358.0,-2750409.0,,1048.0,106734437.0
Greece,2005,31915.0,104267843.0,9587079.0,-3576615.0,,1975.0,110312197.0
Greece,2006,29920.0,103028367.0,9358669.0,-3651807.0,,2408.0,108767557.0
Greece,2007,33624.0,105251027.0,9257625.0,-2577827.0,,3175.0,111967624.0
Greece,2008,28638.0,102436274.0,8611443.0,-3409083.0,,3684.0,107670956.0
Greece,2009,24933.0,97642728.0,6639388.0,-3509489.0,,12434.0,100809994.0
Greece,2010,30347.0,90718512.0,6598923.0,-3444941.0,,6356.0,93909197.0
Greece,2011,25844.0,89550849.0,4922916.0,-3555502.0,,5614.0,90949721.0
Greece,2012,24997.0,85903147.0,5460972.0,-3626276.0,,3476.0,87766316.0
Greece,2013,26007.0,75823304.0,5860118.0,-2590276.0,,3828.0,79122981.0
Greece,2014,23643.0,72452421.0,6155153.0,-2031838.0,,4481.0,76603860.0
Greece,2015,23414.0,69217263.0,5680509.0,-3498268.0,,5481.0,71428399.0
Greece,2016,26361.0,65351859.0,5976731.0,-4101309.0,,4659.0,67258301.0
Greece,2017,34140.0,68489196.0,6314154.0,-3836820.0,,4261.0,71004931.0
Greece,2018,32910.0,65580809.0,6160591.0,-4680116.0,,3784.0,67097978.0
Greece,2019,34801.0,59762668.0,5935452.0,-5187959.0,,3404.0,60548366.0
Greece,2020,37221.0,50461158.0,5074978.0,-5182560.0,,3570.0,50394367.0
Greece,2021,38286.0,52409293.0,5076466.0,-5224132.0,,3866.0,52303779.0
Greece,2022,30706.0,53226591.0,4347589.0,-5259764.0,,4162.0,52349284.0
Greece,2023,30767.0,47549838.0,4403361.0,-4677365.0,,4257.0,47310858.0
Hungary,1990,384747.0,64809046.0,8136659.0,-3343014.0,0.0,96879.0,70084317.0
Hungary,1991,274198.0,63448354.0,6005466.0,-2507681.0,0.0,96879.0,67317216.0
Hungary,1992,236611.0,56833222.0,5114040.0,-3034556.0,0.0,96879.0,59246196.0
Hungary,1993,195445.0,57206316.0,5492713.0,-5672854.0,0.0,96879.0,57318499.0
Hungary,1994,158901.0,55317815.0,6306773.0,-6291103.0,0.0,96879.0,55589265.0
Hungary,1995,116757.0,54756149.0,6494341.0,-6310125.0,0.0,96879.0,55154001.0
Hungary,1996,105129.0,56590962.0,6290093.0,-2661539.0,0.0,96879.0,60421524.0
Hungary,1997,95310.0,55794424.0,5689344.0,-3120892.0,0.0,96879.0,58555065.0
Hungary,1998,96007.0,55610713.0,5451806.0,-4217651.0,0.0,96879.0,57037754.0
Hungary,1999,94673.0,55967354.0,5416248.0,-1977407.0,0.0,96879.0,59597747.0
Hungary,2000,104202.0,52266540.0,5776788.0,-1123447.0,0.0,96879.0,57120962.0
Hungary,2001,108179.0,54103193.0,5519504.0,-2759987.0,0.0,96879.0,57067768.0
Hungary,2002,116783.0,53104284.0,5524034.0,-2065590.0,0.0,96879.0,56776390.0
Hungary,2003,127159.0,55882578.0,5504630.0,-4443116.0,0.0,96879.0,57168130.0
Hungary,2004,151425.0,54126800.0,5609820.0,-3477883.0,0.0,96879.0,56507041.0
Hungary,2005,142262.0,53771426.0,6130044.0,-6024393.0,0.0,98350.0,54117689.0
Hungary,2006,143578.0,53157766.0,6132917.0,-4067737.0,0.0,94302.0,55460826.0
Hungary,2007,149111.0,51881393.0,6303827.0,-4376624.0,0.0,114254.0,54071961.0
Hungary,2008,90748.0,51124676.0,5866668.0,-6071615.0,0.0,102338.0,51112815.0
Hungary,2009,98048.0,46424468.0,4832493.0,-4607182.0,0.0,102518.0,46850345.0
Hungary,2010,105820.0,46852977.0,4924445.0,-4679574.0,0.0,109477.0,47313145.0
Hungary,2011,129434.0,44983416.0,4966058.0,-4193124.0,0.0,77102.0,45962886.0
Hungary,2012,142290.0,41889197.0,4609122.0,-4769861.0,0.0,79571.0,41950319.0
Hungary,2013,174007.0,39360821.0,3877210.0,-4076601.0,0.0,74490.0,39409927.0
Hungary,2014,168914.0,39023225.0,4366381.0,-5115091.0,0.0,80356.0,38523785.0
Hungary,2015,202833.0,41527806.0,4808946.0,-5718544.0,0.0,27326.0,40848367.0
Hungary,2016,208976.0,42361322.0,4451204.0,-4580607.0,0.0,17616.0,42458511.0
Hungary,2017,222992.0,43994167.0,5180306.0,-5378691.0,0.0,26056.0,44044830.0
Hungary,2018,213643.0,43789213.0,5334757.0,-4832076.0,0.0,28619.0,44534156.0
Hungary,2019,216823.0,43721936.0,5189496.0,-5422569.0,0.0,30697.0,43736383.0
Hungary,2020,240148.0,41717150.0,5122711.0,-7125706.0,0.0,25310.0,39979613.0
Hungary,2021,236125.0,43165745.0,4899709.0,-7223265.0,0.0,24701.0,41103015.0
Hungary,2022,212342.0,41280920.0,3760085.0,-6918278.0,0.0,13994.0,38349063.0
Hungary,2023,171434.0,36744261.0,3413469.0,-5859536.0,0.0,14702.0,34484330.0
Iceland,1990,23.0,1807194.0,407466.0,6397517.0,,7296.0,8619496.0
Iceland,1991,9.0,1722761.0,373058.0,6395985.0,,7237.0,8499050.0
Iceland,1992,32.0,1865931.0,376316.0,6382459.0,,7042.0,8631780.0
Iceland,1993,22.0,1968862.0,425260.0,6391849.0,,5996.0,8791989.0
Iceland,1994,9.0,1917391.0,426352.0,6383304.0,,5526.0,8732582.0
Iceland,1995,2437.0,2017883.0,443754.0,6366177.0,,4874.0,8835125.0
Iceland,1996,2651.0,2072873.0,443114.0,6357507.0,,4367.0,8880512.0
Iceland,1997,2559.0,2109292.0,502321.0,6352676.0,,4209.0,8971057.0
Iceland,1998,2546.0,2102005.0,530164.0,6351378.0,,3566.0,8989659.0
Iceland,1999,2762.0,2156230.0,679036.0,6358498.0,,2916.0,9199442.0
Iceland,2000,2762.0,2138390.0,788848.0,6365476.0,,2741.0,9298217.0
Iceland,2001,2696.0,2028646.0,831067.0,6374020.0,,2583.0,9239012.0
Iceland,2002,2415.0,2138806.0,848372.0,6388759.0,,2402.0,9380754.0
Iceland,2003,4672.0,2129468.0,849243.0,6382456.0,,2054.0,9367893.0
Iceland,2004,4780.0,2224184.0,872978.0,6382340.0,,5228.0,9489510.0
Iceland,2005,4533.0,2111118.0,855918.0,6382417.0,,4792.0,9358778.0
Iceland,2006,4425.0,2180035.0,964928.0,6424558.0,,4994.0,9578940.0
Iceland,2007,4061.0,2319575.0,1162724.0,6339157.0,,7959.0,9833476.0
Iceland,2008,7019.0,2193788.0,1604375.0,6382770.0,,6306.0,10194258.0
Iceland,2009,5723.0,2102669.0,1615799.0,6437929.0,,6258.0,10168378.0
Iceland,2010,3904.0,1993774.0,1622885.0,6412204.0,,6074.0,10038841.0
Iceland,2011,3835.0,1875517.0,1617346.0,6390912.0,,6782.0,9894392.0
Iceland,2012,4242.0,1828144.0,1660225.0,6395557.0,,6543.0,9894711.0
Iceland,2013,4200.0,1792878.0,1686223.0,6396105.0,,5496.0,9884902.0
Iceland,2014,3730.0,1779343.0,1654706.0,6389555.0,,7502.0,9834836.0
Iceland,2015,3139.0,1823673.0,1707268.0,6380356.0,,6934.0,9921370.0
Iceland,2016,3540.0,1798744.0,1683898.0,6363081.0,,7481.0,9856744.0
Iceland,2017,4255.0,1839533.0,1759316.0,6335309.0,,7845.0,9946258.0
Iceland,2018,4351.0,1882551.0,1773293.0,6323450.0,,5161.0,9988806.0
Iceland,2019,7737.0,1827293.0,1711437.0,6336854.0,,6172.0,9889493.0
Iceland,2020,8113.0,1641103.0,1683263.0,6356926.0,,6426.0,9695831.0
Iceland,2021,6775.0,1726312.0,1750985.0,6363416.0,,6562.0,9854050.0
Iceland,2022,5988.0,1782692.0,1802547.0,6349358.0,,6458.0,9947043.0
Iceland,2023,7879.0,1748621.0,1745644.0,6350550.0,,6090.0,9858784.0
Ireland,1990,451713.0,30148214.0,2249787.0,811427.0,0.0,95586.0,33756727.0
Ireland,1991,414774.0,31013437.0,2151253.0,788469.0,0.0,95702.0,34463635.0
Ireland,1992,373687.0,30963459.0,2062577.0,647884.0,0.0,96410.0,34144017.0
Ireland,1993,457175.0,31135135.0,2027693.0,899563.0,0.0,97146.0,34616712.0
Ireland,1994,368361.0,32107083.0,2265807.0,1047102.0,0.0,97744.0,35886097.0
Ireland,1995,580862.0,32995060.0,2179278.0,2023888.0,0.0,98160.0,37877248.0
Ireland,1996,571220.0,34539008.0,2261051.0,1769063.0,0.0,98185.0,39238527.0
Ireland,1997,506121.0,35626434.0,2589851.0,1146693.0,0.0,82529.0,39951628.0
Ireland,1998,400952.0,37763659.0,2479086.0,1194030.0,0.0,64744.0,41902471.0
Ireland,1999,486761.0,39452597.0,2428966.0,1261251.0,0.0,71990.0,43701565.0
Ireland,2000,458227.0,41738417.0,2976126.0,1861285.0,0.0,76748.0,47110803.0
Ireland,2001,468919.0,43826469.0,3227026.0,2925738.0,0.0,85298.0,50533450.0
Ireland,2002,354705.0,42629581.0,2988842.0,2857990.0,0.0,108260.0,48939378.0
Ireland,2003,465243.0,42603115.0,2462431.0,3179889.0,0.0,153176.0,48863854.0
Ireland,2004,307653.0,43081883.0,2633561.0,2001056.0,0.0,143640.0,48167793.0
Ireland,2005,327548.0,44970713.0,2726235.0,2138915.0,0.0,128496.0,50291907.0
Ireland,2006,319612.0,44483561.0,2668177.0,2114518.0,0.0,126036.0,49711904.0
Ireland,2007,427667.0,44422839.0,2724618.0,1172477.0,0.0,83070.0,48830671.0
Ireland,2008,329181.0,44530335.0,2433549.0,492046.0,0.0,68010.0,47853121.0
Ireland,2009,396343.0,40092716.0,1618529.0,90643.0,0.0,69481.0,42267712.0
Ireland,2010,526177.0,39778812.0,1424898.0,815044.0,0.0,61016.0,42605947.0
Ireland,2011,430944.0,36285169.0,1294451.0,152582.0,0.0,43824.0,38206970.0
Ireland,2012,275747.0,36379618.0,1520958.0,-607492.0,0.0,47595.0,37616426.0
Ireland,2013,562783.0,35234268.0,1437099.0,5969.0,0.0,44555.0,37284674.0
Ireland,2014,445625.0,34582033.0,1781093.0,230461.0,0.0,41125.0,37080337.0
Ireland,2015,465412.0,36240272.0,1967863.0,123877.0,0.0,41849.0,38839273.0
Ireland,2016,515387.0,37719514.0,2109471.0,-741979.0,0.0,24650.0,39627043.0
Ireland,2017,416735.0,36399020.0,2197654.0,964540.0,0.0,27038.0,40004987.0
Ireland,2018,551486.0,36094163.0,2253225.0,125741.0,0.0,23491.0,39048106.0
Ireland,2019,439985.0,34503005.0,2224872.0,289038.0,0.0,31974.0,37488874.0
Ireland,2020,509661.0,32444557.0,2067593.0,900479.0,0.0,30755.0,35953045.0
Ireland,2021,703810.0,34303672.0,2432039.0,454675.0,0.0,34162.0,37928358.0
Ireland,2022,767883.0,33618596.0,2253209.0,-230785.0,0.0,35982.0,36444885.0
Ireland,2023,597214.0,30821342.0,2113224.0,-65141.0,0.0,36160.0,33502799.0
Italy,1990,509871.0,409194147.0,27992007.0,-5271306.0,0.0,512009.0,432936728.0
Italy,1991,577214.0,409037689.0,27589830.0,-19814519.0,0.0,537096.0,417927310.0
Italy,1992,597262.0,408676107.0,28126664.0,-17720519.0,0.0,536477.0,420215991.0
Italy,1993,683149.0,403933300.0,25155177.0,-5462984.0,0.0,496144.0,424804786.0
Italy,1994,646470.0,399122625.0,24238404.0,-18039472.0,0.0,499209.0,406467236.0
Italy,1995,567472.0,421520817.0,26049294.0,-24353335.0,0.0,458233.0,424242481.0
Italy,1996,488806.0,418241041.0,23655297.0,-25683026.0,0.0,457779.0,417159897.0
Italy,1997,584064.0,423762859.0,23741688.0,-17558947.0,0.0,482349.0,431012013.0
Italy,1998,570747.0,435988825.0,23790085.0,-15154004.0,0.0,474709.0,445670362.0
Italy,1999,594530.0,440562591.0,23952579.0,-24020803.0,0.0,398139.0,441487036.0
Italy,2000,570884.0,444076377.0,24742752.0,-21311848.0,0.0,208263.0,448286428.0
Italy,2001,588476.0,443413459.0,25448185.0,-31055220.0,0.0,229137.0,438624037.0
Italy,2002,610485.0,450983689.0,25364954.0,-35164971.0,0.0,177193.0,441971350.0
Italy,2003,615976.0,468038755.0,26236813.0,-27600208.0,0.0,202240.0,467493576.0
Italy,2004,629835.0,472682566.0,27189479.0,-33655735.0,0.0,185357.0,467031502.0
Italy,2005,563743.0,472909042.0,27662529.0,-34440100.0,0.0,230153.0,466925367.0
Italy,2006,590402.0,467639025.0,27601348.0,-35060742.0,0.0,243837.0,461013870.0
Italy,2007,591194.0,461004046.0,27985643.0,-13553713.0,0.0,212769.0,476239939.0
Italy,2008,551467.0,451733818.0,25640473.0,-30940990.0,0.0,206205.0,447190973.0
Italy,2009,420301.0,403111730.0,20252113.0,-34095223.0,0.0,247911.0,389936832.0
Italy,2010,381060.0,414306255.0,20807513.0,-40281993.0,0.0,177212.0,395390047.0
Italy,2011,403801.0,402932370.0,20383908.0,-33431426.0,0.0,177038.0,390465691.0
Italy,2012,592115.0,385416077.0,17233483.0,-24917532.0,0.0,201841.0,378525984.0
Italy,2013,481308.0,353253853.0,15501703.0,-40064113.0,0.0,223677.0,329396428.0
Italy,2014,443624.0,333868574.0,14959828.0,-40734195.0,0.0,116907.0,308654738.0
Italy,2015,458296.0,346335649.0,14351049.0,-42310873.0,0.0,98721.0,318932842.0
Italy,2016,594007.0,343306393.0,14129633.0,-44566591.0,0.0,103105.0,313566547.0
Italy,2017,456038.0,337834791.0,14283325.0,-28030566.0,0.0,92081.0,324635669.0
Italy,2018,442361.0,333955449.0,14559508.0,-50084078.0,0.0,91025.0,298964265.0
Italy,2019,429581.0,324886097.0,14226645.0,-48194218.0,0.0,95620.0,291443725.0
Italy,2020,503396.0,289090106.0,12917917.0,-40476587.0,0.0,88680.0,262123512.0
Italy,2021,461264.0,320731715.0,14623191.0,-39264769.0,0.0,114245.0,296665646.0
Italy,2022,234838.0,326644297.0,13131982.0,-40278954.0,0.0,103600.0,299835763.0
Italy,2023,441778.0,299152138.0,12590481.0,-54391088.0,0.0,106257.0,257899566.0
Latvia,1990,364842.0,18645166.0,651020.0,-13530996.0,0.0,575.0,6130607.0
Latvia,1991,229665.0,17105878.0,583450.0,-13952712.0,0.0,594.0,3966875.0
Latvia,1992,36230.0,13853482.0,303208.0,-14432494.0,0.0,613.0,-238961.0
Latvia,1993,3933.0,11772256.0,144853.0,-14222083.0,0.0,632.0,-2300409.0
Latvia,1994,2435.0,10174840.0,192256.0,-17118848.0,0.0,651.0,-6748666.0
Latvia,1995,1912.0,8926144.0,205215.0,-15991868.0,0.0,670.0,-6857927.0
Latvia,1996,1492.0,8993458.0,216021.0,-16208794.0,0.0,689.0,-6997134.0
Latvia,1997,1321.0,8446591.0,231296.0,-14443313.0,0.0,708.0,-5763397.0
Latvia,1998,3304.0,8066355.0,235637.0,-13495208.0,0.0,727.0,-5189185.0
Latvia,1999,3361.0,7445598.0,268152.0,-9852084.0,0.0,750.0,-2134223.0
Latvia,2000,6024.0,6857762.0,216655.0,-13074554.0,0.0,1189.0,-5992924.0
Latvia,2001,2175.0,7253968.0,237999.0,-14053468.0,0.0,2365.0,-6556961.0
Latvia,2002,19536.0,7253030.0,247550.0,-12357003.0,0.0,302.0,-4836585.0
Latvia,2003,26082.0,7438252.0,261337.0,-11916970.0,0.0,369.0,-4190930.0
Latvia,2004,2433.0,7449407.0,278912.0,-8195328.0,0.0,446.0,-464130.0
Latvia,2005,2938.0,7549282.0,258099.0,-7608322.0,0.0,445.0,202442.0
Latvia,2006,2801.0,8023060.0,282726.0,-8436323.0,0.0,1528.0,-126208.0
Latvia,2007,6331.0,8347501.0,282200.0,-7958029.0,0.0,1201.0,679204.0
Latvia,2008,5920.0,7922187.0,269445.0,-8340207.0,0.0,505.0,-142150.0
Latvia,2009,8336.0,7192064.0,255455.0,-4915693.0,0.0,340.0,2540502.0
Latvia,2010,5974.0,8024456.0,523750.0,-3132160.0,0.0,341.0,5422361.0
Latvia,2011,12227.0,7179655.0,616205.0,-3530143.0,0.0,344.0,4278288.0
Latvia,2012,15694.0,6826961.0,676740.0,-4894526.0,0.0,323.0,2625192.0
Latvia,2013,17322.0,6744798.0,606199.0,-3615795.0,0.0,427.0,3752951.0
Latvia,2014,23655.0,6541377.0,606605.0,345505.0,0.0,563.0,7517705.0
Latvia,2015,26148.0,6713995.0,522100.0,-942183.0,0.0,180.0,6320240.0
Latvia,2016,30527.0,6778178.0,401804.0,-2805527.0,0.0,173.0,4405155.0
Latvia,2017,33903.0,6695350.0,485782.0,-4299414.0,0.0,286.0,2915907.0
Latvia,2018,44489.0,7182378.0,615926.0,-1890979.0,0.0,397.0,5952211.0
Latvia,2019,54870.0,6960047.0,618506.0,-3604272.0,0.0,29.0,4029180.0
Latvia,2020,70974.0,6321120.0,607135.0,-878366.0,0.0,39.0,6120902.0
Latvia,2021,83335.0,6532076.0,602906.0,544171.0,0.0,33.0,7762521.0
Latvia,2022,83400.0,5931563.0,593035.0,4242851.0,0.0,0.0,10850849.0
Latvia,2023,78068.0,5922067.0,589747.0,3226711.0,0.0,0.0,9816593.0
Lithuania,1990,80197.0,32240350.0,3414466.0,-4739199.0,0.0,2659.0,30998473.0
Lithuania,1991,90319.0,34326709.0,3400690.0,-5335535.0,0.0,2659.0,32484842.0
Lithuania,1992,45334.0,19290371.0,1831995.0,-4645899.0,0.0,742.0,16522543.0
Lithuania,1993,14787.0,15423045.0,879741.0,-6174520.0,0.0,2141.0,10145194.0
Lithuania,1994,14711.0,14515499.0,1236175.0,-5912044.0,0.0,657.0,9854998.0
Lithuania,1995,15277.0,13585070.0,1454486.0,-4685859.0,0.0,2510.0,10371484.0
Lithuania,1996,35588.0,14092226.0,1611296.0,634977.0,0.0,853.0,16374940.0
Lithuania,1997,35908.0,13641543.0,1484541.0,-771532.0,0.0,854.0,14391314.0
Lithuania,1998,37271.0,14346698.0,1612140.0,-8485385.0,0.0,943.0,7511667.0
Lithuania,1999,36192.0,11930971.0,1482024.0,-7899715.0,0.0,409.0,5549881.0
Lithuania,2000,35227.0,10396886.0,1409788.0,-10237193.0,0.0,1134.0,1605842.0
Lithuania,2001,34265.0,11063463.0,1494466.0,-8076575.0,0.0,1542.0,4517161.0
Lithuania,2002,41386.0,11098664.0,1524596.0,-7199368.0,0.0,1383.0,5466661.0
Lithuania,2003,40763.0,11093424.0,1521546.0,-6537577.0,0.0,3698.0,6121854.0
Lithuania,2004,40797.0,11719177.0,1492259.0,-6099428.0,0.0,1911.0,7154716.0
Lithuania,2005,51875.0,12518401.0,1288669.0,-5307448.0,0.0,3601.0,8555098.0
Lithuania,2006,39939.0,12573577.0,1578462.0,-4848026.0,0.0,3286.0,9347238.0
Lithuania,2007,52576.0,12818513.0,2601754.0,-6547201.0,0.0,660.0,8926302.0
Lithuania,2008,41826.0,12693757.0,2182567.0,-7117765.0,0.0,641.0,7801026.0
Lithuania,2009,47370.0,11556681.0,1224374.0,-7917903.0,0.0,700.0,4911222.0
Lithuania,2010,37934.0,12507534.0,1254961.0,-11156656.0,0.0,1463.0,2645236.0
Lithuania,2011,38658.0,11712833.0,2203709.0,-11117726.0,0.0,4450.0,2841924.0
Lithuania,2012,41074.0,11684019.0,2328020.0,-10522159.0,0.0,1024.0,3531978.0
Lithuania,2013,48255.0,11065293.0,2033854.0,-9808909.0,0.0,772.0,3339265.0
Lithuania,2014,78999.0,10644509.0,2120341.0,-8910704.0,0.0,1955.0,3935100.0
Lithuania,2015,61508.0,10588860.0,2389131.0,-7898498.0,0.0,5721.0,5146722.0
Lithuania,2016,57004.0,10892377.0,2151498.0,-6993719.0,0.0,639.0,6107799.0
Lithuania,2017,52584.0,10842179.0,2381374.0,-6346423.0,0.0,1262.0,6930976.0
Lithuania,2018,55272.0,11210502.0,2147781.0,-5268971.0,0.0,869.0,8145453.0
Lithuania,2019,67500.0,11207348.0,2370812.0,-5590913.0,0.0,1681.0,8056428.0
Lithuania,2020,104271.0,11167245.0,2225978.0,-5632711.0,0.0,2109.0,7866892.0
Lithuania,2021,126060.0,11572038.0,2077549.0,-5883509.0,0.0,2448.0,7894586.0
Lithuania,2022,71193.0,11174517.0,1647046.0,-6287799.0,0.0,2309.0,6607266.0
Lithuania,2023,63984.0,10987750.0,1453525.0,-5729856.0,0.0,2143.0,6777546.0
Luxembourg,1990,6052.0,10206633.0,1596482.0,1519.0,0.0,0.0,11810686.0
Luxembourg,1991,6477.0,10894192.0,1519742.0,-66270.0,0.0,0.0,12354141.0
Luxembourg,1992,7138.0,10733742.0,1448552.0,-471856.0,0.0,0.0,11717576.0
Luxembourg,1993,6893.0,10900586.0,1430815.0,-598614.0,0.0,0.0,11739680.0
Luxembourg,1994,7007.0,10182617.0,1334367.0,-450887.0,0.0,0.0,11073104.0
Luxembourg,1995,6656.0,8152407.0,975420.0,-529918.0,0.0,0.0,8604565.0
Luxembourg,1996,6554.0,8258999.0,920140.0,-565575.0,0.0,0.0,8620118.0
Luxembourg,1997,6931.0,7731766.0,809281.0,-651440.0,0.0,0.0,7896538.0
Luxembourg,1998,7363.0,6998553.0,650912.0,-543310.0,0.0,0.0,7113518.0
Luxembourg,1999,6658.0,7426022.0,686634.0,-607403.0,0.0,0.0,7511911.0
Luxembourg,2000,7330.0,7983544.0,711445.0,-614976.0,0.0,0.0,8087343.0
Luxembourg,2001,6914.0,8541019.0,657433.0,-591031.0,0.0,0.0,8614335.0
Luxembourg,2002,7710.0,9298312.0,672468.0,-610123.0,0.0,0.0,9368367.0
Luxembourg,2003,6722.0,9822694.0,621523.0,-588061.0,0.0,0.0,9862878.0
Luxembourg,2004,7398.0,11133123.0,675473.0,-631665.0,0.0,0.0,11184329.0
Luxembourg,2005,8408.0,11419609.0,647876.0,-585452.0,0.0,0.0,11490441.0
Luxembourg,2006,7544.0,11198370.0,699710.0,-503506.0,0.0,0.0,11402118.0
Luxembourg,2007,7254.0,10603939.0,691011.0,-410173.0,0.0,0.0,10892031.0
Luxembourg,2008,7059.0,10521888.0,637816.0,-426950.0,0.0,0.0,10739813.0
Luxembourg,2009,8197.0,10043590.0,568000.0,-438936.0,0.0,0.0,10180851.0
Luxembourg,2010,7617.0,10591658.0,591233.0,-220740.0,0.0,0.0,10969768.0
Luxembourg,2011,9106.0,10482432.0,597972.0,-318177.0,0.0,0.0,10771333.0
Luxembourg,2012,9019.0,10285230.0,563723.0,-413057.0,0.0,0.0,10444915.0
Luxembourg,2013,9632.0,9771109.0,542667.0,-576825.0,0.0,0.0,9746583.0
Luxembourg,2014,9747.0,9248836.0,548271.0,-507908.0,0.0,0.0,9298946.0
Luxembourg,2015,9912.0,8785684.0,538381.0,-461289.0,0.0,0.0,8872688.0
Luxembourg,2016,9605.0,8504209.0,563391.0,-565241.0,0.0,0.0,8511964.0
Luxembourg,2017,10613.0,8670101.0,570292.0,-479875.0,0.0,0.0,8771131.0
Luxembourg,2018,11986.0,8970194.0,573982.0,-342523.0,0.0,0.0,9213639.0
Luxembourg,2019,11801.0,9145008.0,593161.0,-462468.0,0.0,0.0,9287502.0
Luxembourg,2020,11650.0,7486352.0,571082.0,-547051.0,0.0,0.0,7522033.0
Luxembourg,2021,11286.0,7898286.0,499933.0,-706232.0,0.0,0.0,7703273.0
Luxembourg,2022,10114.0,6785990.0,478275.0,-747692.0,0.0,0.0,6526687.0
Luxembourg,2023,9237.0,6473724.0,357772.0,-678081.0,0.0,0.0,6162652.0
Malta,1990,0.0,2421900.0,5141.0,-10255.0,0.0,370.0,2417156.0
Malta,1991,0.0,2266125.0,5363.0,-15411.0,0.0,370.0,2256447.0
Malta,1992,0.0,2288287.0,4954.0,-11428.0,0.0,370.0,2282183.0
Malta,1993,0.0,2880244.0,4990.0,-10994.0,0.0,370.0,2874610.0
Malta,1994,0.0,2652723.0,5271.0,-10390.0,0.0,370.0,2647974.0
Malta,1995,0.0,2446554.0,5223.0,-9601.0,0.0,370.0,2442546.0
Malta,1996,0.0,2528595.0,5002.0,-9359.0,0.0,370.0,2524608.0
Malta,1997,0.0,2550683.0,5213.0,-9313.0,0.0,370.0,2546953.0
Malta,1998,0.0,2519990.0,4614.0,-8793.0,0.0,345.0,2516156.0
Malta,1999,0.0,2568722.0,3809.0,-9300.0,0.0,345.0,2563576.0
Malta,2000,0.0,2464150.0,3675.0,-9166.0,0.0,345.0,2459004.0
Malta,2001,0.0,2732367.0,3865.0,-5697.0,0.0,345.0,2730880.0
Malta,2002,0.0,2743128.0,3777.0,20130.0,0.0,345.0,2767380.0
Malta,2003,0.0,2956867.0,3652.0,20145.0,0.0,345.0,2981009.0
Malta,2004,0.0,2845273.0,3514.0,-769.0,0.0,316.0,2848334.0
Malta,2005,0.0,2645829.0,3666.0,-264.0,0.0,316.0,2649547.0
Malta,2006,0.0,2650816.0,4220.0,-986.0,0.0,316.0,2654366.0
Malta,2007,0.0,2724110.0,3375.0,-271.0,0.0,316.0,2727530.0
Malta,2008,0.0,2717322.0,3614.0,13663.0,0.0,352.0,2734951.0
Malta,2009,0.0,2556429.0,3957.0,13569.0,0.0,478.0,2574433.0
Malta,2010,0.0,2615125.0,3612.0,13855.0,0.0,522.0,2633114.0
Malta,2011,0.0,2603427.0,4081.0,540.0,0.0,687.0,2608735.0
Malta,2012,0.0,2743201.0,5244.0,565.0,0.0,615.0,2749625.0
Malta,2013,0.0,2417989.0,11198.0,480.0,0.0,461.0,2430128.0
Malta,2014,0.0,2405653.0,11023.0,1005.0,0.0,644.0,2418325.0
Malta,2015,0.0,1687282.0,9615.0,1067.0,0.0,571.0,1698535.0
Malta,2016,0.0,1367848.0,7507.0,781.0,0.0,524.0,1376660.0
Malta,2017,0.0,1531838.0,4860.0,2510.0,0.0,508.0,1539716.0
Malta,2018,0.0,1541770.0,5378.0,1477.0,0.0,555.0,1549180.0
Malta,2019,0.0,1643884.0,4758.0,5751.0,0.0,554.0,1654947.0
Malta,2020,0.0,1595783.0,4461.0,7968.0,0.0,645.0,1608857.0
Malta,2021,0.0,1606206.0,4765.0,51.0,0.0,438.0,1611460.0
Malta,2022,0.0,1768296.0,5700.0,211.0,0.0,249.0,1774456.0
Malta,2023,0.0,1761700.0,6059.0,383.0,0.0,243.0,1768385.0
Netherlands,1990,184667.0,150891866.0,11956216.0,3724801.0,0.0,0.0,166757550.0
Netherlands,1991,150799.0,157084845.0,14233505.0,3773674.0,0.0,0.0,175242823.0
Netherlands,1992,144591.0,155073356.0,16059440.0,3714181.0,0.0,0.0,174991568.0
Netherlands,1993,138092.0,159506927.0,11540014.0,3781818.0,0.0,0.0,174966851.0
Netherlands,1994,100249.0,159626768.0,12224902.0,3784390.0,0.0,0.0,175736309.0
Netherlands,1995,100967.0,163283313.0,10098112.0,3572440.0,0.0,0.0,177054832.0
Netherlands,1996,113518.0,172303496.0,10125572.0,3435362.0,0.0,0.0,185977948.0
Netherlands,1997,112594.0,164954778.0,10398820.0,3243693.0,0.0,0.0,178709885.0
Netherlands,1998,105831.0,165562536.0,10727820.0,3686025.0,0.0,0.0,180082212.0
Netherlands,1999,86100.0,160033002.0,10933890.0,3477842.0,0.0,0.0,174530834.0
Netherlands,2000,99904.0,161243848.0,10810140.0,3769810.0,0.0,0.0,175923702.0
Netherlands,2001,84460.0,166476069.0,10903695.0,4307075.0,0.0,0.0,181771299.0
Netherlands,2002,88099.0,165200325.0,11449803.0,4498136.0,0.0,0.0,181236363.0
Netherlands,2003,98480.0,168003807.0,12066370.0,3830162.0,0.0,0.0,183998819.0
Netherlands,2004,89202.0,169594439.0,12406771.0,3997007.0,0.0,0.0,186087419.0
Netherlands,2005,83022.0,165903828.0,12142916.0,3920893.0,0.0,0.0,182050659.0
Netherlands,2006,93283.0,160200474.0,12985603.0,3758533.0,0.0,0.0,177037893.0
Netherlands,2007,94016.0,159264445.0,13669718.0,4123203.0,0.0,0.0,177151382.0
Netherlands,2008,81193.0,162206318.0,13616155.0,4443825.0,0.0,0.0,180347491.0
Netherlands,2009,84770.0,157694193.0,12654448.0,4202950.0,0.0,0.0,174636361.0
Netherlands,2010,92035.0,168286915.0,14099816.0,3863403.0,0.0,0.0,186342169.0
Netherlands,2011,108734.0,155658234.0,13579151.0,4110882.0,0.0,0.0,173457001.0
Netherlands,2012,142062.0,152425737.0,13184085.0,3901398.0,0.0,0.0,169653282.0
Netherlands,2013,130870.0,152032939.0,12761566.0,3400716.0,0.0,0.0,168326091.0
Netherlands,2014,129652.0,144351084.0,13022094.0,4314405.0,0.0,0.0,161817235.0
Netherlands,2015,134649.0,151656708.0,12166741.0,4581234.0,0.0,0.0,168539332.0
Netherlands,2016,85887.0,151584737.0,13141139.0,4299095.0,0.0,0.0,169110858.0
Netherlands,2017,98725.0,148693368.0,13503657.0,3463206.0,0.0,0.0,165758956.0
Netherlands,2018,83123.0,144113473.0,14067661.0,3367175.0,0.0,0.0,161631432.0
Netherlands,2019,85162.0,139738337.0,12903590.0,3016209.0,0.0,0.0,155743298.0
Netherlands,2020,81317.0,123574207.0,13318629.0,2632828.0,0.0,0.0,139606981.0
Netherlands,2021,87920.0,126924253.0,12873501.0,2689942.0,0.0,0.0,142575616.0
Netherlands,2022,92830.0,115744310.0,11666002.0,2781178.0,0.0,0.0,130284320.0
Netherlands,2023,93213.0,105578864.0,11344310.0,3114547.0,0.0,0.0,120130934.0
Norway,1990,231524.0,27037996.0,7262730.0,-11007020.0,,13641.0,23538871.0
Norway,1991,201195.0,25958994.0,6781608.0,-11986104.0,,20265.0,20975958.0
Norway,1992,166204.0,26903811.0,6709759.0,-11412886.0,,20092.0,22386980.0
Norway,1993,193819.0,27826282.0,7236641.0,-12843926.0,,24836.0,22437652.0
Norway,1994,173723.0,29341410.0,7620922.0,-11609364.0,,21698.0,25548389.0
Norway,1995,193860.0,29767144.0,7725961.0,-14523904.0,,20252.0,23183313.0
Norway,1996,180458.0,32738311.0,7824540.0,-10282486.0,,22899.0,30483722.0
Norway,1997,180625.0,32377676.0,8274085.0,-13324152.0,,23533.0,27531767.0
Norway,1998,160626.0,32412841.0,8452771.0,-14667634.0,,25436.0,26384040.0
Norway,1999,159059.0,33380353.0,8204920.0,-20137001.0,,39709.0,21647040.0
Norway,2000,137219.0,32402426.0,8624873.0,-17405812.0,,80532.0,23839238.0
Norway,2001,139557.0,34054967.0,8303825.0,-22041504.0,,90017.0,20546862.0
Norway,2002,136065.0,33943410.0,7618822.0,-23258655.0,,89460.0,18529102.0
Norway,2003,123948.0,35279717.0,7777727.0,-22302582.0,,95633.0,20974443.0
Norway,2004,111464.0,35147938.0,8350688.0,-22604633.0,,104553.0,21110010.0
Norway,2005,109279.0,34842952.0,7812463.0,-24580635.0,,107629.0,18291688.0
Norway,2006,103925.0,35818237.0,7502606.0,-19693811.0,,108316.0,23839273.0
Norway,2007,98654.0,37411700.0,7673516.0,-21213724.0,,112008.0,24082154.0
Norway,2008,95723.0,36258815.0,8007158.0,-26186803.0,,109645.0,18284538.0
Norway,2009,88269.0,36297830.0,6453343.0,-24813474.0,,61704.0,18087672.0
Norway,2010,78332.0,37870122.0,7343810.0,-26061273.0,,196479.0,19427470.0
Norway,2011,78262.0,36839661.0,7447688.0,-25403081.0,,262378.0,19224908.0
Norway,2012,80099.0,36417806.0,7392420.0,-24530485.0,,228779.0,19588619.0
Norway,2013,82011.0,36556711.0,7505402.0,-21151814.0,,245608.0,23237918.0
Norway,2014,88769.0,36845705.0,7583312.0,-18966723.0,,278157.0,25829220.0
Norway,2015,89893.0,37293077.0,7703072.0,-15262723.0,,253832.0,30077151.0
Norway,2016,88503.0,36547168.0,7643043.0,-13821560.0,,250595.0,30707749.0
Norway,2017,93533.0,35960505.0,7701068.0,-16080166.0,,278972.0,27953912.0
Norway,2018,103010.0,36131275.0,7786869.0,-13111652.0,,280546.0,31190048.0
Norway,2019,114406.0,34569224.0,7780221.0,-8834775.0,,242465.0,33871541.0
Norway,2020,127405.0,32797148.0,7927062.0,-15963448.0,,261026.0,25149193.0
Norway,2021,125307.0,32581739.0,8031121.0,-10574158.0,,183484.0,30347493.0
Norway,2022,129034.0,32243489.0,8120347.0,-8987990.0,,214236.0,31719116.0
Norway,2023,132789.0,31007457.0,7425852.0,-15560468.0,,190651.0,23196281.0
Poland,1990,2906620.0,354912248.0,18522648.0,-35179773.0,0.0,0.0,341161743.0
Poland,1991,1966112.0,355225657.0,16174254.0,-27992914.0,0.0,0.0,345373109.0
Poland,1992,1694089.0,347080998.0,15507559.0,-7129591.0,0.0,0.0,357153055.0
Poland,1993,1695193.0,348160061.0,15102575.0,-14423344.0,0.0,0.0,350534485.0
Poland,1994,1647403.0,341036510.0,17307050.0,-13915653.0,0.0,0.0,346075310.0
Poland,1995,2019015.0,342302586.0,18161312.0,-24094535.0,0.0,0.0,338388378.0
Poland,1996,1952232.0,357924996.0,17241405.0,-41594252.0,0.0,0.0,335524381.0
Poland,1997,2094293.0,346860103.0,18244690.0,-41376992.0,0.0,0.0,325822094.0
Poland,1998,2111144.0,320053675.0,16815230.0,-47047657.0,0.0,0.0,291932392.0
Poland,1999,1955116.0,311517022.0,15732154.0,-44226869.0,0.0,0.0,284977423.0
Poland,2000,1849049.0,298237295.0,17219880.0,-40767765.0,0.0,0.0,276538459.0
Poland,2001,1665942.0,296396312.0,15204838.0,-32895513.0,0.0,0.0,280371579.0
Poland,2002,1598660.0,290316474.0,13937288.0,-41655058.0,0.0,0.0,264197364.0
Poland,2003,1573785.0,301544409.0,15614506.0,-43834886.0,0.0,0.0,274897814.0
Poland,2004,1608747.0,305371313.0,16640711.0,-54885276.0,0.0,0.0,268735495.0
Poland,2005,1591349.0,305320050.0,15665475.0,-54193650.0,0.0,0.0,268383224.0
Poland,2006,1252136.0,317886863.0,17248248.0,-48201468.0,0.0,0.0,288185779.0
Poland,2007,1135214.0,315546736.0,19052689.0,-41343901.0,0.0,0.0,294390738.0
Poland,2008,1156740.0,310312450.0,17959259.0,-40905723.0,0.0,0.0,288522726.0
Poland,2009,1089101.0,299881795.0,14915390.0,-40867602.0,0.0,0.0,275018684.0
Poland,2010,1121187.0,316847383.0,16058952.0,-39102899.0,0.0,0.0,294924623.0
Poland,2011,1189472.0,313834066.0,18382528.0,-44567336.0,0.0,0.0,288838730.0
Poland,2012,1141024.0,307585164.0,17051517.0,-45005749.0,0.0,0.0,280771956.0
Poland,2013,1283262.0,303822110.0,16651782.0,-47154524.0,0.0,0.0,274602630.0
Poland,2014,1269315.0,290445179.0,17700894.0,-39732161.0,0.0,0.0,269683227.0
Poland,2015,1108975.0,293529038.0,17910832.0,-36166979.0,0.0,0.0,276381866.0
Poland,2016,1412916.0,303894952.0,17992616.0,-43618806.0,0.0,0.0,279681678.0
Poland,2017,1305156.0,316648332.0,18551616.0,-44339406.0,0.0,0.0,292165698.0
Poland,2018,1287184.0,315248197.0,19183253.0,-43806060.0,0.0,0.0,291912574.0
Poland,2019,1140127.0,297271229.0,19032715.0,-25235563.0,0.0,0.0,292208508.0
Poland,2020,1375035.0,281986526.0,18740852.0,-26109014.0,0.0,0.0,275993399.0
Poland,2021,1336837.0,310477481.0,18879407.0,-26858411.0,0.0,0.0,303835314.0
Poland,2022,1211007.0,295256883.0,18424077.0,-38504466.0,0.0,0.0,276387501.0
Poland,2023,1218889.0,266974632.0,15049948.0,-35827778.0,0.0,0.0,247415691.0
Portugal,1990,48448.0,39452882.0,5802450.0,3572053.0,0.0,6959.0,48882792.0
Portugal,1991,48448.0,41328216.0,5495707.0,-2358966.0,0.0,7022.0,44520427.0
Portugal,1992,48448.0,45559510.0,5341664.0,-6186789.0,0.0,7087.0,44769920.0
Portugal,1993,48448.0,44088039.0,5325330.0,-5922749.0,0.0,7153.0,43546221.0
Portugal,1994,48448.0,44790969.0,5396103.0,-4952700.0,0.0,7221.0,45290041.0
Portugal,1995,38422.0,48383564.0,6073589.0,-5087929.0,0.0,7291.0,49414937.0
Portugal,1996,54381.0,45584613.0,6152661.0,-3568271.0,0.0,7881.0,48231265.0
Portugal,1997,54724.0,48139045.0,6466874.0,-4477465.0,0.0,8765.0,50191943.0
Portugal,1998,41734.0,52668165.0,6493562.0,-3881705.0,0.0,7419.0,55329175.0
Portugal,1999,49267.0,59934689.0,6887253.0,-4618528.0,0.0,6989.0,62259670.0
Portugal,2000,60012.0,58381811.0,7056576.0,1159916.0,0.0,5237.0,66663552.0
Portugal,2001,50927.0,58861840.0,6271671.0,-3183546.0,0.0,2895.0,62003787.0
Portugal,2002,40111.0,63151792.0,6389314.0,-3265406.0,0.0,1382.0,66317193.0
Portugal,2003,35053.0,58088513.0,6351208.0,6785949.0,0.0,7272.0,71267995.0
Portugal,2004,36932.0,60358373.0,6896318.0,-2310210.0,0.0,10732.0,64992145.0
Portugal,2005,38331.0,62767815.0,6822000.0,3534318.0,0.0,11641.0,73174105.0
Portugal,2006,47558.0,58424471.0,6371536.0,-2527483.0,0.0,12562.0,62328644.0
Portugal,2007,55181.0,55361510.0,6948925.0,-2825700.0,0.0,14485.0,59554401.0
Portugal,2008,60347.0,53400943.0,6543028.0,-6322726.0,0.0,5328.0,53686920.0
Portugal,2009,58706.0,52307250.0,4763090.0,-5054811.0,0.0,17955.0,52092190.0
Portugal,2010,46924.0,47787453.0,5039059.0,-3599629.0,0.0,16499.0,49290306.0
Portugal,2011,53539.0,47209551.0,4506411.0,-3476645.0,0.0,14168.0,48307024.0
Portugal,2012,49534.0,45764727.0,4102239.0,-2783648.0,0.0,15480.0,47148332.0
Portugal,2013,45135.0,43648143.0,4430510.0,-1597071.0,0.0,22410.0,46549127.0
Portugal,2014,56018.0,43078924.0,4781555.0,-4101347.0,0.0,25837.0,43840987.0
Portugal,2015,65137.0,47431712.0,4712027.0,-2904193.0,0.0,24174.0,49328857.0
Portugal,2016,66172.0,46198098.0,4022802.0,-794828.0,0.0,23845.0,49516089.0
Portugal,2017,56801.0,50824653.0,4257485.0,13854702.0,0.0,26216.0,69019857.0
Portugal,2018,50468.0,47455501.0,3802321.0,-4203564.0,0.0,31984.0,47136710.0
Portugal,2019,41492.0,43495165.0,4018895.0,-3520231.0,0.0,27497.0,44062818.0
Portugal,2020,43111.0,37662311.0,3999215.0,-3790551.0,0.0,33507.0,37947593.0
Portugal,2021,33376.0,36401133.0,3828428.0,-2838102.0,0.0,36908.0,37461743.0
Portugal,2022,18739.0,36890612.0,3776627.0,-768610.0,0.0,36520.0,39953888.0
Portugal,2023,24220.0,34405903.0,3154529.0,-2242096.0,0.0,37387.0,35379943.0
Romania,1990,182512.0,150722076.0,25629262.0,-26435318.0,0.0,1256.0,150099788.0
Romania,1991,79105.0,123977066.0,18200649.0,-26682367.0,0.0,1271.0,115575724.0
Romania,1992,74117.0,116759302.0,15162647.0,-27961628.0,0.0,6757.0,104041195.0
Romania,1993,90343.0,107683390.0,14926005.0,-29118401.0,0.0,9445.0,93590782.0
Romania,1994,109428.0,105403278.0,15343627.0,-28629308.0,0.0,12138.0,92239163.0
Romania,1995,97708.0,107827190.0,17735673.0,-28423500.0,0.0,14816.0,97251887.0
Romania,1996,97727.0,112082314.0,16919508.0,-27747637.0,0.0,17502.0,101369414.0
Romania,1997,86733.0,102244227.0,15763278.0,-28366287.0,0.0,20334.0,89748285.0
Romania,1998,89219.0,89442387.0,15228241.0,-30356134.0,0.0,23574.0,74427287.0
Romania,1999,73729.0,75953833.0,12841064.0,-30174259.0,0.0,29973.0,58724340.0
Romania,2000,102901.0,79488255.0,13579665.0,-30295129.0,0.0,35436.0,62911128.0
Romania,2001,121100.0,84612656.0,14154015.0,-31096387.0,0.0,40294.0,67831678.0
Romania,2002,105971.0,83268902.0,15652877.0,-29625777.0,0.0,41137.0,69443110.0
Romania,2003,122845.0,86954214.0,16585145.0,-30272670.0,0.0,45155.0,73434689.0
Romania,2004,136088.0,84516516.0,18524637.0,-30197348.0,0.0,55385.0,73035278.0
Romania,2005,138541.0,82673598.0,18434589.0,-31137318.0,0.0,89868.0,70199278.0
Romania,2006,129658.0,85686263.0,18450317.0,-30780905.0,0.0,23762.0,73509095.0
Romania,2007,117434.0,90036171.0,18336902.0,-31848134.0,0.0,6093.0,76648466.0
Romania,2008,136984.0,90472616.0,16383417.0,-32390595.0,0.0,4300.0,74606722.0
Romania,2009,123050.0,76956678.0,10722849.0,-29384553.0,0.0,3177.0,58421201.0
Romania,2010,107216.0,72460308.0,11916791.0,-35310754.0,0.0,3590.0,49177151.0
Romania,2011,90650.0,79884257.0,12411626.0,-35936888.0,0.0,4172.0,56453817.0
Romania,2012,76626.0,78525217.0,11242374.0,-38514547.0,0.0,3497.0,51333167.0
Romania,2013,89900.0,68763226.0,9938156.0,-38651081.0,0.0,4185.0,40144386.0
Romania,2014,82147.0,68511679.0,10737968.0,-49317593.0,0.0,3556.0,30017757.0
Romania,2015,94343.0,67230816.0,10718751.0,-48479472.0,0.0,2081.0,29566519.0
Romania,2016,113239.0,65777129.0,10691272.0,-50576988.0,0.0,5277.0,26009929.0
Romania,2017,124597.0,68567924.0,10735895.0,-48779026.0,0.0,3925.0,30653315.0
Romania,2018,125417.0,68777182.0,10965073.0,-46838625.0,0.0,6748.0,33035795.0
Romania,2019,128583.0,65576795.0,10978439.0,-46840362.0,0.0,6541.0,29849996.0
Romania,2020,135556.0,62742939.0,11061220.0,-49210128.0,0.0,6666.0,24736253.0
Romania,2021,161253.0,66269297.0,11066363.0,-47866632.0,0.0,4353.0,29634634.0
Romania,2022,145751.0,64705109.0,8330270.0,-45835540.0,0.0,4896.0,27350486.0
Romania,2023,127320.0,61372808.0,6360789.0,-46558708.0,0.0,5101.0,21307310.0
Slovakia,1990,61017.0,53349726.0,8111118.0,-9023234.0,0.0,6682.0,52505309.0
Slovakia,1991,59472.0,47021401.0,6246396.0,-9834899.0,0.0,6659.0,43499029.0
Slovakia,1992,57927.0,42904449.0,5961934.0,-10467902.0,0.0,6665.0,38463073.0
Slovakia,1993,56382.0,39101845.0,7229431.0,-10273363.0,0.0,6673.0,36120968.0
Slovakia,1994,54837.0,36634881.0,7107124.0,-9678999.0,0.0,6679.0,34124522.0
Slovakia,1995,53291.0,36309063.0,7825131.0,-9120715.0,0.0,6685.0,35073455.0
Slovakia,1996,51746.0,35956960.0,8060048.0,-9029318.0,0.0,6761.0,35046197.0
Slovakia,1997,50201.0,35931189.0,8158939.0,-8806343.0,0.0,6750.0,35340736.0
Slovakia,1998,58039.0,35367241.0,8445430.0,-9867012.0,0.0,6816.0,34010514.0
Slovakia,1999,68244.0,34698914.0,8314252.0,-9101376.0,0.0,6943.0,33986977.0
Slovakia,2000,46442.0,34008600.0,7124786.0,-9015058.0,0.0,7212.0,32171982.0
Slovakia,2001,68957.0,36044532.0,7151427.0,-8306390.0,0.0,7808.0,34966334.0
Slovakia,2002,39259.0,33830477.0,8134722.0,-8794884.0,0.0,29241.0,33238815.0
Slovakia,2003,37055.0,34758757.0,7545985.0,-8250086.0,0.0,17428.0,34109139.0
Slovakia,2004,31908.0,34234144.0,8566824.0,-8212043.0,0.0,23682.0,34644515.0
Slovakia,2005,29590.0,34737220.0,8072988.0,-4339925.0,0.0,17470.0,38517343.0
Slovakia,2006,25350.0,34005245.0,8585390.0,-7414647.0,0.0,23366.0,35224704.0
Slovakia,2007,26671.0,32470437.0,8527570.0,-6984174.0,0.0,7176.0,34047680.0
Slovakia,2008,42428.0,32942461.0,8428013.0,-5870797.0,0.0,12396.0,35554501.0
Slovakia,2009,36100.0,30557546.0,7079308.0,-5654719.0,0.0,8171.0,32026406.0
Slovakia,2010,39170.0,30895647.0,7519105.0,-4759494.0,0.0,10433.0,33704861.0
Slovakia,2011,54850.0,30420476.0,7561320.0,-5128282.0,0.0,8463.0,32916827.0
Slovakia,2012,56721.0,28355297.0,7542586.0,-6267122.0,0.0,6802.0,29694284.0
Slovakia,2013,63944.0,28183941.0,7365595.0,-6985341.0,0.0,8227.0,28636366.0
Slovakia,2014,69903.0,26007739.0,7623719.0,-4817020.0,0.0,6812.0,28891153.0
Slovakia,2015,73333.0,26694713.0,7750131.0,-5302917.0,0.0,9676.0,29224936.0
Slovakia,2016,69845.0,26875257.0,8029866.0,-5373965.0,0.0,2584.0,29603587.0
Slovakia,2017,66152.0,27850700.0,8264890.0,-5269271.0,0.0,2202.0,30914673.0
Slovakia,2018,70177.0,27784532.0,8323962.0,-4295584.0,0.0,5397.0,31888484.0
Slovakia,2019,68250.0,26289216.0,7490441.0,-5064968.0,0.0,5282.0,28788221.0
Slovakia,2020,72117.0,24110897.0,6988925.0,-7243780.0,0.0,4223.0,23932382.0
Slovakia,2021,69570.0,26792740.0,8386756.0,-7263779.0,0.0,2255.0,27987542.0
Slovakia,2022,60841.0,24609404.0,6915914.0,-7317222.0,0.0,3305.0,24272242.0
Slovakia,2023,72468.0,23972407.0,6718986.0,-7817813.0,0.0,2385.0,22948433.0
Slovenia,1990,56213.0,13910555.0,1128563.0,-4426856.0,0.0,1995.0,10670470.0
Slovenia,1991,54752.0,13026831.0,892963.0,-4779336.0,0.0,1995.0,9197205.0
Slovenia,1992,61740.0,12924484.0,897720.0,-4894505.0,0.0,1995.0,8991434.0
Slovenia,1993,59307.0,13490984.0,701964.0,-4897087.0,0.0,1995.0,9357163.0
Slovenia,1994,59570.0,13702539.0,875839.0,-5082090.0,0.0,1192.0,9557050.0
Slovenia,1995,44939.0,14433598.0,877799.0,-5164915.0,0.0,656.0,10192077.0
Slovenia,1996,37704.0,15082859.0,881098.0,-5740351.0,0.0,952.0,10262262.0
Slovenia,1997,30840.0,15569169.0,912192.0,-5953872.0,0.0,301.0,10558630.0
Slovenia,1998,33491.0,15123632.0,886504.0,-6100276.0,0.0,937.0,9944288.0
Slovenia,1999,34693.0,14478462.0,902921.0,-6138249.0,0.0,2573.0,9280400.0
Slovenia,2000,33375.0,14100594.0,922634.0,-6238514.0,0.0,3150.0,8821239.0
Slovenia,2001,33036.0,15304730.0,968344.0,-6289494.0,0.0,3074.0,10019690.0
Slovenia,2002,32001.0,15580761.0,955581.0,-7407844.0,0.0,2568.0,9163067.0
Slovenia,2003,33507.0,15240076.0,1000810.0,-7092770.0,0.0,3689.0,9185312.0
Slovenia,2004,28401.0,15652997.0,1025886.0,-7230641.0,0.0,3424.0,9480067.0
Slovenia,2005,29067.0,15838267.0,1071334.0,-7270682.0,0.0,3309.0,9671295.0
Slovenia,2006,28712.0,16050003.0,1101426.0,-7261676.0,0.0,4019.0,9922484.0
Slovenia,2007,27372.0,16197561.0,1119191.0,-7601205.0,0.0,4957.0,9747876.0
Slovenia,2008,22887.0,17199455.0,1057054.0,-7346716.0,0.0,5207.0,10937887.0
Slovenia,2009,30239.0,15462003.0,710728.0,-7278513.0,0.0,6440.0,8930897.0
Slovenia,2010,27835.0,15734245.0,696096.0,-7203228.0,0.0,7328.0,9262276.0
Slovenia,2011,24780.0,15657062.0,674985.0,-7102851.0,0.0,7382.0,9261358.0
Slovenia,2012,26999.0,15059403.0,671035.0,-7028431.0,0.0,7663.0,8736669.0
Slovenia,2013,26380.0,14353913.0,739339.0,-5330073.0,0.0,17152.0,9806711.0
Slovenia,2014,25302.0,12749418.0,773303.0,444089.0,0.0,20317.0,14012429.0
Slovenia,2015,24265.0,12876451.0,730642.0,540906.0,0.0,27316.0,14199580.0
Slovenia,2016,24354.0,13702377.0,717689.0,689078.0,0.0,23592.0,15157090.0
Slovenia,2017,23066.0,13788765.0,797898.0,685809.0,0.0,27464.0,15323002.0
Slovenia,2018,26356.0,13681721.0,834601.0,785261.0,0.0,20674.0,15348613.0
Slovenia,2019,28182.0,13167744.0,836520.0,-4564274.0,0.0,20561.0,9488733.0
Slovenia,2020,30620.0,12035845.0,786918.0,-4372411.0,0.0,19607.0,8500579.0
Slovenia,2021,28890.0,12243935.0,789377.0,-4353090.0,0.0,13956.0,8723068.0
Slovenia,2022,32639.0,11942247.0,738980.0,-4266053.0,0.0,13973.0,8461786.0
Slovenia,2023,40676.0,11314449.0,640197.0,-4323366.0,0.0,16843.0,7688799.0
Spain,1990,597845.0,207383121.0,21277280.0,-36995556.0,0.0,124379.0,192387069.0
Spain,1991,547364.0,218160337.0,20482361.0,-37373248.0,0.0,100620.0,201917434.0
Spain,1992,538445.0,228225115.0,18807093.0,-37080220.0,0.0,115913.0,210606346.0
Spain,1993,484130.0,219946373.0,18567017.0,-38173632.0,0.0,101796.0,200925684.0
Spain,1994,516432.0,229892339.0,20888044.0,-37895555.0,0.0,91383.0,213492643.0
Spain,1995,428360.0,243638088.0,20951062.0,-39421358.0,0.0,51067.0,225647219.0
Spain,1996,594763.0,231022638.0,20902420.0,-39965170.0,0.0,42104.0,212596755.0
Spain,1997,574598.0,242465828.0,21831368.0,-40049914.0,0.0,27653.0,224849533.0
Spain,1998,640776.0,249556305.0,23430216.0,-40648337.0,0.0,22520.0,233001480.0
Spain,1999,704623.0,271981481.0,24319498.0,-43412808.0,0.0,19311.0,253612105.0
Spain,2000,761763.0,283488137.0,24995144.0,-45445834.0,0.0,14472.0,263813682.0
Spain,2001,676679.0,284866753.0,25475483.0,-47038800.0,0.0,12368.0,263992483.0
Spain,2002,637241.0,304030898.0,26347693.0,-46603782.0,0.0,12367.0,284424417.0
Spain,2003,680881.0,307801027.0,27050956.0,-46253641.0,0.0,6049.0,289285272.0
Spain,2004,633908.0,323707951.0,27796095.0,-46640499.0,0.0,1336.0,305498791.0
Spain,2005,535651.0,337887454.0,29023122.0,-47920859.0,0.0,841.0,319526209.0
Spain,2006,582652.0,328700117.0,29586720.0,-50064669.0,0.0,0.0,308804820.0
Spain,2007,575214.0,336403640.0,29489655.0,-46987102.0,0.0,0.0,319481407.0
Spain,2008,426178.0,309029612.0,25828653.0,-46912544.0,0.0,0.0,288371899.0
Spain,2009,550589.0,274851837.0,20756911.0,-44869014.0,0.0,0.0,251290323.0
Spain,2010,608786.0,260202008.0,21774291.0,-47965071.0,0.0,0.0,234620014.0
Spain,2011,545078.0,262887044.0,19842940.0,-48341473.0,0.0,0.0,234933589.0
Spain,2012,529767.0,258787576.0,18114817.0,-46752020.0,0.0,0.0,230680140.0
Spain,2013,599353.0,234539040.0,16970763.0,-46298765.0,0.0,0.0,205810391.0
Spain,2014,704332.0,233893500.0,19060000.0,-48903156.0,0.0,0.0,204754676.0
Spain,2015,625248.0,249275642.0,20347167.0,-52253221.0,0.0,0.0,217994836.0
Spain,2016,612503.0,238915579.0,19999002.0,-52501653.0,0.0,27597.0,207053028.0
Spain,2017,703746.0,253429010.0,19351111.0,-53296914.0,0.0,0.0,220186953.0
Spain,2018,609130.0,248062285.0,19849179.0,-53747913.0,0.0,0.0,214772681.0
Spain,2019,559555.0,231694713.0,18419378.0,-52396183.0,0.0,0.0,198277463.0
Spain,2020,637817.0,194353566.0,16773362.0,-51474204.0,0.0,0.0,160290541.0
Spain,2021,393626.0,210490137.0,17921952.0,-52198764.0,0.0,0.0,176606951.0
Spain,2022,409864.0,217634524.0,16179075.0,-51442947.0,0.0,0.0,182780516.0
Spain,2023,425873.0,199722018.0,15312861.0,-51477897.0,0.0,0.0,163982855.0
Sweden,1990,177752.0,51467997.0,5726905.0,-61076592.0,,43855.0,-3660083.0
Sweden,1991,140476.0,52008048.0,5463231.0,-60061955.0,,52203.0,-2397997.0
Sweden,1992,112862.0,52184766.0,5153853.0,-59143437.0,,58327.0,-1633629.0
Sweden,1993,134441.0,52065368.0,5268930.0,-55304788.0,,48015.0,2211966.0
Sweden,1994,161204.0,54077727.0,5709387.0,-56852515.0,,49080.0,3144883.0
Sweden,1995,172887.0,53264071.0,6007564.0,-56972981.0,,42741.0,2514282.0
Sweden,1996,197328.0,57313058.0,5789520.0,-59104688.0,,49118.0,4244336.0
Sweden,1997,178366.0,52428148.0,5698184.0,-60466443.0,,50603.0,-2111142.0
Sweden,1998,133784.0,52813941.0,5770285.0,-61076906.0,,49164.0,-2309732.0
Sweden,1999,160287.0,50095630.0,5632503.0,-61390476.0,,48200.0,-5453856.0
Sweden,2000,159676.0,48628860.0,6059418.0,-62685094.0,,44439.0,-7792701.0
Sweden,2001,139963.0,49372261.0,6222612.0,-63599662.0,,47471.0,-7817355.0
Sweden,2002,133306.0,50062144.0,6377623.0,-63252416.0,,60725.0,-6618618.0
Sweden,2003,129930.0,51019988.0,5989760.0,-61543953.0,,81316.0,-4322959.0
Sweden,2004,123234.0,49767703.0,6442259.0,-58239452.0,,94330.0,-1811926.0
Sweden,2005,116501.0,47303500.0,6272625.0,-59898434.0,,94853.0,-6110955.0
Sweden,2006,89613.0,47199946.0,6272422.0,-64483467.0,,88864.0,-10832622.0
Sweden,2007,115582.0,46304350.0,6360364.0,-65353433.0,,98502.0,-12474635.0
Sweden,2008,104592.0,44418683.0,6139448.0,-63278336.0,,102718.0,-12512895.0
Sweden,2009,114540.0,42507549.0,4415740.0,-62662218.0,,105475.0,-15518914.0
Sweden,2010,123800.0,46517621.0,6286934.0,-63385755.0,,100229.0,-10357171.0
Sweden,2011,123865.0,42809547.0,6074929.0,-62456429.0,,105426.0,-13342662.0
Sweden,2012,142119.0,40482553.0,5855932.0,-60597800.0,,126310.0,-13990886.0
Sweden,2013,142564.0,38870150.0,5969414.0,-60489737.0,,123757.0,-15383852.0
Sweden,2014,123325.0,37351539.0,5787713.0,-59298998.0,,122169.0,-15914252.0
Sweden,2015,124483.0,37302530.0,5764328.0,-56820761.0,,118803.0,-13510617.0
Sweden,2016,128115.0,36747949.0,6309001.0,-53954126.0,,123311.0,-10645750.0
Sweden,2017,127538.0,36015191.0,6080403.0,-47903644.0,,132293.0,-5548219.0
Sweden,2018,128549.0,35752451.0,5847130.0,-41416649.0,,127871.0,439352.0
Sweden,2019,122846.0,33992595.0,6537220.0,-41365647.0,,119819.0,-593167.0
Sweden,2020,122571.0,31262449.0,5124287.0,-40962160.0,,112912.0,-4339941.0
Sweden,2021,122792.0,32477304.0,5841075.0,-38304853.0,,126812.0,263130.0
Sweden,2022,139209.0,30067162.0,4790238.0,-35280913.0,,111220.0,-173084.0
Sweden,2023,145702.0,29687313.0,5594546.0,-32894406.0,,115899.0,2649054.0
Switzerland,1990,48906.0,40924376.0,3122419.0,-2750173.0,12759.0,40233.0,41398520.0
Switzerland,1991,42305.0,43259463.0,2777920.0,-6894554.0,14140.0,36902.0,39236176.0
Switzerland,1992,42202.0,43296716.0,2630917.0,-4762525.0,14577.0,33652.0,41255539.0
Switzerland,1993,42063.0,41143249.0,2380223.0,-5391285.0,14012.0,30128.0,38218390.0
Switzerland,1994,42024.0,40038404.0,2547549.0,-1990231.0,14076.0,25931.0,40677753.0
Switzerland,1995,42022.0,40939429.0,2396348.0,-4238860.0,13578.0,22369.0,39174886.0
Switzerland,1996,41981.0,41799142.0,2228672.0,-7540588.0,16378.0,20653.0,36566238.0
Switzerland,1997,37779.0,40917512.0,2056274.0,-4273054.0,15066.0,19683.0,38773260.0
Switzerland,1998,36365.0,42504000.0,2049722.0,-3663914.0,13739.0,18651.0,40958563.0
Switzerland,1999,37303.0,42323051.0,2053397.0,-1443567.0,14937.0,17861.0,43002982.0
Switzerland,2000,39319.0,41361638.0,2187852.0,3868506.0,15041.0,16659.0,47489015.0
Switzerland,2001,40048.0,42801209.0,2212043.0,-207537.0,16477.0,15123.0,44877363.0
Switzerland,2002,40901.0,41252745.0,2144606.0,-2754817.0,15108.0,13717.0,40712260.0
Switzerland,2003,39284.0,42467829.0,2114206.0,-2104254.0,16206.0,13125.0,42546396.0
Switzerland,2004,43774.0,42900262.0,2259579.0,-4878730.0,14859.0,12662.0,40352406.0
Switzerland,2005,42160.0,43358024.0,2349798.0,-2452536.0,13991.0,12140.0,43323577.0
Switzerland,2006,41639.0,42995165.0,2302913.0,-622516.0,12696.0,12521.0,44742418.0
Switzerland,2007,45915.0,40979830.0,2309120.0,-1620621.0,12551.0,11996.0,41738791.0
Switzerland,2008,43647.0,42367019.0,2267507.0,-1919615.0,10724.0,11971.0,42781253.0
Switzerland,2009,41501.0,41273541.0,2188342.0,-2320259.0,11610.0,10854.0,41205589.0
Switzerland,2010,44439.0,42622417.0,2346123.0,-2266832.0,9725.0,10980.0,42766852.0
Switzerland,2011,43516.0,38607075.0,2301261.0,-3416412.0,10838.0,10541.0,37556819.0
Switzerland,2012,41631.0,40001317.0,2179278.0,-482120.0,9609.0,10354.0,41760069.0
Switzerland,2013,42322.0,40941998.0,2179582.0,-288036.0,8898.0,10126.0,42894890.0
Switzerland,2014,45815.0,36945072.0,2233527.0,-4052921.0,9735.0,10001.0,35191229.0
Switzerland,2015,44691.0,36627246.0,2065060.0,1118140.0,8968.0,10096.0,39874201.0
Switzerland,2016,47367.0,37030364.0,2128053.0,-3268692.0,8883.0,10112.0,35956087.0
Switzerland,2017,47980.0,36063349.0,2103028.0,-1880824.0,9838.0,9805.0,36353176.0
Switzerland,2018,46468.0,34790979.0,2088999.0,1063467.0,8992.0,9629.0,38008534.0
Switzerland,2019,45392.0,34684183.0,2075439.0,-3200455.0,7823.0,9405.0,33621787.0
Switzerland,2020,44854.0,32280417.0,2001134.0,-1278337.0,7604.0,9245.0,33064917.0
Switzerland,2021,46048.0,33757702.0,2081196.0,-446765.0,8422.0,9077.0,35455680.0
Switzerland,2022,44135.0,30861578.0,2027950.0,-1492515.0,8342.0,8557.0,31458047.0
Switzerland,2023,46166.0,30065613.0,1849219.0,1239700.0,8174.0,8313.0,33217185.0
